File,Voiced LowFreq,Unvoiced LowFreq,Voiced MedFreq,Unvoiced MedFreq,Voiced HighFreq,Unvoiced HighFreq
1031-133220-0062.wav,38.384729031192904,3.0413414830561094,11.947320215890619,0.25762017432593365,7.093181272909332,0.18258433871270444
1031-133220-0091.wav,39.98223884858048,1.9625926349230587,12.80463286655539,0.15878793632586904,4.464754043470047,0.1069685233098235
1051-133881-0021.wav,33.9995286339091,0.011180562008682823,42.95166212724729,0.05951409612516818,4.751637849255308,0.01968224183794766
107-22885-0023.wav,46.1605211516819,0.2710532591916476,21.038301496957498,0.2239089313353383,5.278563603225346,0.09636122677293897
1084-145077-0022.wav,19.794706008565523,0.16726130148366683,18.794893137358407,0.36129877996408993,4.529060625842293,0.11165159933172257
1085-169444-0008.wav,24.738025564536752,0.08072136880107382,33.82265829491291,0.18086668301343406,13.43587884041569,0.23613777484702075
1085-169444-0040.wav,25.551671236743044,0.07441215235130028,35.33686640314055,0.06040378081273923,15.210769952141696,0.09374410421758912
1092-134562-0029.wav,45.63133369758712,2.339358040010966,15.590301721597978,0.961189906613761,4.873988151347934,0.527583254594519
1097-136955-0031.wav,103.94144728083307,1.1694708182580011,14.897937251246665,0.31351578398804997,8.767073551517145,0.11112145160461147
111-126277-0016.wav,30.823402441069266,0.5098387750090205,60.546662454658964,0.32798341097272943,5.552819567406568,0.08551329034593085
1112-128138-0027.wav,35.55442736392047,0.04874647860595148,42.40957884108262,0.06395014203945248,3.7949634491853717,0.007919713056714824
1124-134775-0023.wav,13.282589502859318,0.8730580413933807,13.995947139930466,0.8438819984659092,7.520256995584781,0.4891148995586431
1124-134775-0053.wav,15.554728753312457,1.5083031315681374,14.313358363399425,0.696510439804439,10.349473920398449,0.4040658701278694
1124-134775-0085.wav,16.933063348497136,0.7857343698058943,17.452902888716828,0.6820307175725847,10.18248558463306,0.32882836673585003
1152-126549-0021.wav,65.84742247385216,1.1124530249060927,20.770090415960645,0.24709608703835692,9.015265042560152,0.14286884748571252
1152-126549-0051.wav,74.31262954642989,0.7963112483544629,27.116099489129265,0.22058536533003625,11.315779054166605,0.15082808060936612
1154-129975-0015.wav,38.473300310820456,0.4346542586355794,26.98098906475247,0.25869339834414246,13.486164177188892,0.13275284793370787
1154-129976-0019.wav,63.03898509084058,0.6546971795372969,64.76674490435444,0.30593884568641,22.427161287541757,0.16369184883272989
119-129515-0001.wav,49.06257929295198,0.7690623246724511,35.21416241706716,0.8946888133301549,4.286470691830687,0.14844524783398833
1212-14653-0012.wav,64.15767848096358,4.051208679649384,41.38443019183417,0.14856904485775688,4.577548725073064,0.08958716198807413
123-26848-0010.wav,54.693854745038,0.552058377601175,30.425878395299573,0.1978691913124353,6.187524427778259,0.15062742424031458
1230-139216-0003.wav,44.21837163358375,0.9905333510663705,20.633223727543466,0.3898531646397582,4.180603438969617,0.10718027753989837
1230-139216-0048.wav,45.34680753957792,0.9437170269980271,19.10754762336583,0.38088646346955535,4.717899353972985,0.10004279151923451
126-122467-0039.wav,41.32996806870531,0.3790975706016872,23.028714996930102,0.10841627495645788,4.670437288106796,0.05112585795601797
1263-141777-0003.wav,32.241733142360545,0.5202869015542195,34.10987619409855,0.11949481337055042,9.16806622967666,0.08719494244057716
1263-141777-0031.wav,41.66032007896619,0.23766653762972398,37.2620759850414,0.0824281439921706,10.078648233156146,0.04367785521782967
1280-143268-0019.wav,44.78628081999057,0.5121228021007653,22.19455452552425,0.11247273378111644,18.91623065040993,0.08356005273514754
1298-1054-0012.wav,31.250727957003956,2.4513608740217046,23.520969677345093,0.3684096915606646,9.301781942869555,0.24052337732020654
1335-27593-0002.wav,65.72371839028969,0.07464647046440943,43.06288314527861,0.07365785355783945,6.040509457313292,0.015194447949136786
1335-27593-0034.wav,58.22476480918764,0.2420221245591513,36.80854495795651,0.09813127658054607,8.61348007494258,0.020417310208324692
1347-135885-0025.wav,80.64015804303837,0.6907191768152174,36.19618915849693,0.6365306981407876,11.188358841346492,0.46287921376160474
1353-121397-0047.wav,16.052086753757358,1.2122395480276302,16.806359639601762,0.3693298221671713,6.897990827487772,0.3252218540408006
1403-138552-0000.wav,31.814736471867608,0.3078934329244116,36.588730675448325,0.06260859364631266,4.951280824095264,0.019066387377820813
1417-1539-0005.wav,104.6128898540343,3.792506492153829,71.0166833308904,0.9901810329886883,25.181305658262037,0.47627551622969916
1494-138315-0005.wav,57.77640615142683,1.5166944800693554,25.353583732069158,0.685567905088175,8.566708155967243,0.3761826414319708
150-126107-0007.wav,24.541609143315423,0.6421089750443653,25.055623653806634,0.25174929967891685,16.445080007069823,0.190154816871871
150-126107-0036.wav,26.372344477111067,0.5395292608885004,29.726387875777426,0.2084351091452719,15.514306578352022,0.15461086418479225
1502-122615-0032.wav,64.02453912782455,1.8911080444305348,23.849536798323566,0.3761745934629289,3.4102591698475084,0.16216688442763588
154-293987-0022.wav,44.32547756345537,3.177600024034117,37.09015981577573,0.7752644120223777,10.65448749480581,0.43371635934383274
1563-137590-0028.wav,21.884369087493138,2.368274569301748,56.361721564474315,0.45092775487440057,17.28292924513312,0.37110032433265283
1601-136862-0000.wav,82.36374460935347,0.053456378801525595,39.517810447761335,0.06718541297291507,8.684714907745542,0.022402745676780196
1607-134636-0003.wav,31.84358682444303,1.5302539610002182,26.67085587632812,0.2512881008755077,2.373863904235155,0.071019762897567
161-121897-0011.wav,35.716795976386145,0.9624492674125188,29.066059845502238,0.9525722740782586,3.002977668743781,0.19053296516615323
1618-32399-0012.wav,24.195090638991534,0.6056813153223283,42.288309880850285,0.119575549942736,8.720805685841299,0.04573402747940361
166-122789-0006.wav,62.2503071913362,0.290217747716538,28.93274866578713,0.27994183256371946,9.356234081658757,0.17608456850570606
166-122789-0035.wav,45.678905472002725,0.26109945004684465,21.84448666105784,0.39419137881800137,9.44922315747638,0.18610287032523246
1679-142287-0032.wav,55.43286031826202,1.7024021440954176,28.894632545156306,0.14284808030148397,9.524842791247815,0.12297146220481477
1680-142282-0028.wav,45.34232155708722,1.3437651030485267,27.943926949673436,0.3800511919626751,14.070886333697528,0.20073029080647992
1680-142282-0081.wav,45.283999973911804,1.0067621945782872,21.64206298309402,0.288430063927612,16.72093695693503,0.26439227831326245
1695-142312-0012.wav,42.93292512358851,0.4641782244832822,25.50657520222074,0.2818748247157014,5.728454019636904,0.10354700800210698
1695-142312-0048.wav,54.923595728430165,0.34030494602259637,32.13360286655988,0.2551281375383419,6.342810283865141,0.08735190659523825
1695-142312-0081.wav,47.18227725560389,0.27319531458707025,39.22683435772306,0.34749091649109226,6.131901653308725,0.14629638213961368
1733-139046-0009.wav,58.33685549291561,0.5747253826532841,26.796037404557175,0.24307487749886103,2.8705260675702355,0.07155461509652071
1733-139046-0043.wav,54.868246922607554,1.099633731645768,30.77002334937775,0.3123518774963749,3.4838241301096073,0.13270213311379903
1733-139046-0077.wav,69.22232357462592,0.3970970134402365,40.267288029948304,0.15462797026286954,5.65698103318171,0.04750217432278868
1767-142944-0002.wav,43.384397660669165,0.6582444553024394,19.763338668127243,0.49873286166199665,2.751989393102038,0.17154943949962395
1776-139035-0011.wav,48.53626182364075,0.33972436270902745,45.97885027103562,0.13626561391011968,12.473211412119376,0.10546747768835708
1776-139035-0040.wav,48.33710273453778,0.22004127548981808,48.195833900626404,0.1206639612904068,7.015542419783927,0.10411774789389726
1828-141203-0025.wav,53.05671416773717,0.5853075005975653,29.033859379228264,0.39685877352670645,6.984042980046515,0.21914789055957984
1828-141203-0059.wav,48.87484349362694,0.6659154435923753,24.522053612945,0.37045727861471767,5.449068214949676,0.22497697427196364
1828-141203-0091.wav,60.45438133796907,0.4781931395820757,33.86591741612575,0.3240207420292075,11.151616092102923,0.19374935557158313
1828-141203-0122.wav,47.94878660450817,0.4175128303872826,25.748207467557787,0.22408340097592022,6.816425585700428,0.12762568779704628
1844-144486-0073.wav,45.03458024219075,0.10352800925361741,100.81697921864742,0.18730769957634857,8.0310467131151,0.036302731923371565
1851-151817-0032.wav,33.97045309468541,0.28464114921382255,24.192373411920787,0.2307777636631496,6.70753338082681,0.11893730660219944
1874-165702-0021.wav,44.918222317273276,0.20911618557399025,31.995753809699984,0.08820435991937418,5.856331682246496,0.029145564857993394
1923-155646-0028.wav,9.64055329466485,0.05947280061754841,33.270572594375096,0.030699428633485796,12.516301788553738,0.023554486788764165
1963-142393-0025.wav,53.495000460705775,0.4570793453825602,111.20455125411365,0.30909434757675613,41.22563206978873,0.20104471774280938
1977-147187-0004.wav,71.47718836879612,1.1390296989658768,27.691137182349696,0.2911128138648467,2.640182609619436,0.07494809523856405
1977-147187-0036.wav,66.21552848813039,1.3826168770900995,27.019643194409756,0.3298092218329147,3.006640574469509,0.11040521827448488
2012-139356-0021.wav,35.35680290974352,0.047770474305815304,19.047471317606803,0.07025908909757209,5.303607018580787,0.02547225681629091
2021-235244-0027.wav,97.9550942358732,0.2009357448472042,44.470447018013076,0.3572883910651661,7.893276011779051,0.15378848162854575
2042-136442-0023.wav,23.216418226991852,0.5819770174567532,33.884481099818316,0.17088415328947232,5.439665780150689,0.06244643102143197
205-159056-0012.wav,39.37807263532978,0.5780353036140011,36.27213284019917,0.4080713365540256,8.023915427916277,0.23372837465975574
2056-143893-0003.wav,70.86943079740136,0.05658578909448419,33.43592960981691,0.08884308088022584,12.044127600068183,0.053929808793861216
2056-143893-0034.wav,72.26704599639734,0.28921916176926427,38.62279069844431,0.08312526081105119,7.9650779000523535,0.035079672372727876
2056-143893-0063.wav,46.649344884589354,0.02570299203672244,26.823461083102316,0.018535089101646415,8.356663035267754,0.011663504911970608
2056-143893-0094.wav,52.23010484385291,0.07082419678595603,23.834404619964687,0.05110405063859473,7.229701112211518,0.015051960075707934
2060-150843-0024.wav,48.848808595201064,0.6435968218521456,36.970462854812084,0.357991384720273,7.1524295147123045,0.2173840403111705
207-122801-0015.wav,38.48158084388491,0.3977766089920746,42.95287082504507,0.31107954332029375,14.098356240936255,0.16012092824538587
207-143321-0016.wav,42.60433734727797,0.36863684550335335,64.04800974977962,0.31146429093075967,13.848257188357568,0.11756036288377157
209-157830-0006.wav,10.186355651289043,0.1186456401247542,10.93985715770637,0.19090743802209,7.008850325475561,0.17532719055573184
2113-132484-0007.wav,86.81137043571319,4.091290773513408,47.70394217674874,0.3839532838740185,15.210007417232642,0.14724576193181912
2113-132484-0046.wav,41.97664827093534,5.440840003391405,30.683715179101274,0.3518524132698859,7.9975558132807,0.13733568270615085
2148-6979-0011.wav,79.0137244943603,0.652092711055694,25.66815505812995,0.059863461523661995,4.707412728458383,0.01913828599057142
2167-149880-0011.wav,61.799727228053435,1.7981711403702898,23.11446447740816,0.6624611508563619,17.572964368478353,0.4050537119945101
2167-149880-0043.wav,70.01990667628596,1.471028621845778,32.272648377614885,0.889126399510696,12.563106743101729,0.8441982978538192
218-131206-0013.wav,39.12216358868169,0.09911479895304233,22.095675710391234,0.122980075396643,2.0750634364008125,0.05224861021224648
2196-170151-0006.wav,22.53453284496255,0.34770323328359165,46.01283867863341,0.25013371741986656,7.839510088617919,0.1270473870769106
2234-64149-0001.wav,56.40206346261659,0.042664335707707994,35.08239113004901,0.017426980156860113,3.524541360899936,0.008399074201190236
2234-64149-0036.wav,54.98707797284806,0.0334043531303713,41.01700521526164,0.018627950577186473,4.693880393530891,0.0066980513014688135
2319-138631-0028.wav,72.82162752872391,0.7567529747624823,21.074391693301315,0.0656072906996076,7.9309234556873145,0.058743726556097615
2334-150915-0005.wav,43.759778484354506,0.5425877239599712,48.314833247592546,0.25655127138556527,15.81654311213114,0.10910810399394004
2334-150915-0050.wav,49.51014064679657,1.4977438318114438,47.1352788652902,0.41476942134293737,21.76019631231352,0.32064743118652267
2334-150915-0091.wav,45.112891755240256,1.7850325964360654,32.676254495383795,0.2936671879945358,13.556008776043823,0.26585060072780475
2368-157056-0033.wav,30.935645244924277,0.40881823576562076,47.19548587309421,0.24252494335843333,14.34154133830551,0.15976082031109898
2405-7360-0025.wav,54.54193426930155,0.04089230726944541,24.083517263610812,0.04815944282055804,5.279147251324055,0.022204818206751627
2416-152137-0010.wav,38.88821140320396,0.6032956539274609,39.37706651325367,0.22608153340495965,16.150150327325623,0.23590181838989985
242-122627-0002.wav,33.34865509123877,0.322832849568034,40.849370735733494,0.278689173672752,8.145784930545855,0.14860322669536644
242-122627-0043.wav,26.764058345387227,0.14358736308024952,39.07476986575293,0.19250679658376751,6.045675417218929,0.09626864534301273
2448-141428-0031.wav,80.83547102249352,0.837629211442201,32.489979363642185,0.2609210610799824,9.381031764906467,0.13739426034218047
2448-141428-0069.wav,58.00147687658358,1.1827511876327998,19.507604663860228,0.23557350447906455,10.558866165213397,0.10805547443409731
2485-143898-0035.wav,43.77501099392203,0.08727763006773445,53.93486269032883,0.13476554063388357,3.2727489680733424,0.027074488857337146
2488-155524-0021.wav,19.403432095011965,0.12175197443176412,9.073384637430376,0.03210961337503185,2.8029151473459115,0.04254004110719393
2496-156067-0020.wav,42.173144967072446,0.6169661570176324,30.82366889994752,0.3813703446954277,11.285237257232136,0.2517106416526445
2499-156155-0009.wav,32.87750103740223,0.519550318285705,27.2322542049635,0.34108790453505766,2.958175584947383,0.060895555579270386
2544-13195-0007.wav,51.69604053438114,0.442881084867318,38.43989462524534,0.8364035845416421,3.264980285112545,0.27732470992317493
2545-135235-0020.wav,38.57962868489618,0.15437421851460564,15.62879521934368,0.07821573279168915,2.9392273209413466,0.010812726015573877
2545-135235-0053.wav,47.26216784692824,0.052103310158986456,19.116829945106172,0.06898686129312201,4.08367763032622,0.014132135998422843
2553-163728-0023.wav,21.391165988178997,1.2290829140775772,19.948170844072166,0.13583903710688347,10.549423274126399,0.14308483129088423
2553-163730-0015.wav,30.995350531921865,5.687309532565505,29.388754032290233,0.5493249471058681,11.17622791743901,0.5443297286415459
2570-157243-0006.wav,39.754004413817235,0.3785661421428652,32.09150068396468,0.454682999784304,6.940600223723275,0.14363792712769882
2570-157243-0035.wav,38.05153203994275,0.3530974676631314,34.82717787598009,0.436916110674868,5.212974355001325,0.10530884726548782
2570-157243-0069.wav,31.08428488694666,0.6622201974673667,31.815541150722517,0.5774915564799796,6.2096522557310845,0.18600174750008674
2570-157243-0099.wav,36.24219722469431,0.3608527349540031,34.281030737620505,0.4400305747523522,7.6149474015450735,0.14750161787531213
2573-186232-0019.wav,29.327360792465278,0.1332647505517618,53.65118857078669,0.2752514885730689,7.154020650800053,0.08634302248513398
2574-128278-0025.wav,42.0216198418252,2.343422579367786,20.461532441265337,0.6559261676051596,12.056053489052557,0.39064074224183665
2581-157858-0017.wav,26.357728282367628,0.609959383155077,24.336450365345552,0.7476575462628156,5.063774710041025,0.18306837186336325
2592-5341-0011.wav,26.89994169623594,0.09570857106718865,44.1881312512834,0.17686814712675958,5.741769853770793,0.05928929030537426
2592-5341-0043.wav,29.926419689270332,0.12026010413467085,34.590435211569094,0.18805474806367525,5.348268673093693,0.08175002764684976
2598-4654-0032.wav,60.81221336477047,0.24848389270313972,42.74429496868012,0.25514745641201864,7.527103384682953,0.1185146976750398
263-121285-0026.wav,34.221878269760445,0.15877148592194126,26.473810377985746,0.029581490966363266,11.777645525330394,0.1301857687544352
2674-155968-0022.wav,42.03119870252257,2.3239118140907977,19.321319819145145,0.16604705152392693,20.733750897866027,0.10726357752638578
2674-155968-0055.wav,41.84757715722636,0.5574709570721874,19.9259602626164,0.11575357298583487,12.384163599912256,0.13512981078953984
2674-155968-0084.wav,31.50448205075531,1.0280250935593052,15.10629243260524,0.17924766616958362,14.947411892270278,0.10359346192492086
2730-154436-0016.wav,38.811287716042244,0.8418755712440054,51.599254653950815,0.09448865062101738,5.876481446210073,0.07470493336781933
2730-154437-0039.wav,33.20620125034976,0.09221388067093482,41.92088021865285,0.06335494955002505,3.390604189352782,0.07166996512086345
2740-162051-0014.wav,56.52068088947412,1.4047902320041046,30.93120997701447,0.20183028087607943,8.805878046792078,0.08925579842526019
2740-162051-0042.wav,46.73710468498617,2.0185031768949995,26.89445787879058,0.24362621513601357,7.336545451093596,0.10857947947878245
2769-176256-0027.wav,66.66922371393133,0.09474892623179186,46.61830339681126,0.020591023275954853,6.228170251529689,0.012513709174970985
2785-154282-0023.wav,46.43140052313707,4.978906346297779,28.714253693970317,0.6576877771419236,15.006020850511286,0.379615224580653
2911-15045-0016.wav,65.8440668621638,0.5448653906145715,27.086664740427594,0.31265769465894694,5.068372720388829,0.08158168091664132
2960-155151-0022.wav,19.522568705485913,0.0325059960540801,29.127567270010363,0.1116311067029525,19.526597285353287,0.2587805330866788
2960-155151-0056.wav,9.489757871982848,0.006518476226489945,15.58006859298017,0.03992188927743875,14.368338436795502,0.07088414915649924
2988-173558-0001.wav,34.2603085695724,0.6012594283756484,45.185998390069706,0.37582029905247516,9.47488695431328,0.15298674183700006
2988-173558-0032.wav,45.2370665171587,1.263010293046399,48.19582201698057,0.616636477621637,10.321392270754208,0.22315481263305634
2998-160954-0017.wav,68.33112126119535,0.0742307736382327,17.863803211252595,0.06449163123336207,3.5117373203201523,0.03211354593337218
2998-160954-0046.wav,61.70120985731591,0.1476894616191391,27.110955824881724,0.06712952720009345,4.049638381333152,0.030696691827938327
3003-14274-0018.wav,50.45697112944699,0.4472336335462216,31.476477724809506,0.18862605391806636,5.5443913811403975,0.12561776839330455
3003-14274-0050.wav,80.74637580849654,0.2692548070127415,35.4955700545243,0.15138546994489652,4.690668162089315,0.1014670125485485
3072-155948-0000.wav,67.65838348749253,0.6424485756085745,35.592921747302555,0.05155311006831876,6.522589368459217,0.018828172264124747
3072-155948-0033.wav,63.14870953159487,0.5632776397331842,36.81959818776254,0.029350773224132282,5.833299311830908,0.008373549111331254
3109-144137-0010.wav,37.5049547053904,0.026093242522282473,54.27363885823766,0.3998216743839459,16.85190752298848,0.11198986200752217
3109-144137-0060.wav,36.68633275178123,0.03271242565005518,29.694693961693417,0.1491665377182078,12.652965384192077,0.059380589039334776
3109-144137-0099.wav,38.542177368318086,0.04153974247317491,35.124150313665574,0.07410630432347617,11.270901036724313,0.038888134351812834
313-122804-0045.wav,16.61579085413096,1.3948111985043197,14.76737992264501,0.2946338554459151,6.599313541962536,0.2182212804611036
3157-168062-0031.wav,28.205067084340513,0.07404248049597087,34.557090252300895,0.04274220466946313,13.991553975346108,0.02604054986752791
3171-7574-0021.wav,25.381333246383566,0.24355785638777905,15.415377723353693,0.07326482846660652,3.7399946194852736,0.02880447165286669
3179-7133-0007.wav,40.66826438121522,0.162612316186787,22.24226061089198,0.16978071895860186,6.323786580600764,0.14246079096371378
3215-5757-0009.wav,40.75522516695557,1.1112339494001644,29.71186991508548,0.15791202252493416,6.936787459957016,0.07671518781169429
3215-5757-0038.wav,39.630420457739305,1.021411749097464,29.848352838765273,0.1604156927277985,6.9833593138614996,0.0920083010973657
3221-9174-0032.wav,75.24256951181694,0.21051889441090751,24.63695816617741,0.24234122630863256,7.999733602952357,0.11633725607392185
3224-168198-0007.wav,31.682934843427603,0.22028908255995966,39.97418993243474,0.42295000378226116,13.922737070443432,0.22784703097469708
3228-4691-0019.wav,52.216936321450135,0.5502426417668767,52.1742439004214,0.11029128762643019,4.642168335763731,0.01739832866431409
3257-169288-0008.wav,71.11897343225866,0.16760618730842314,45.196022605549885,0.05674146905172803,14.13812982660973,0.01239914541463867
3257-169288-0037.wav,58.82976869076046,0.1300659541813304,42.54498930512537,0.04519241949048281,11.655799168233614,0.007239494426065248
3257-169288-0067.wav,35.77883523948495,0.2255536457329987,33.58130121504163,0.02108377737354731,7.592605954298079,0.005872978443438829
329-861-0017.wav,107.38307104698426,0.45235917951232685,29.044821405782063,0.4512221475252224,8.914431575326944,0.18836321647643267
3328-168638-0008.wav,79.84035252375686,0.6040555780911526,36.176509601020214,0.4274189509750285,13.615201656186613,0.17148155480903868
3340-169293-0017.wav,43.17108317577326,0.08529524536805495,23.12172291153317,0.06197661718452365,13.21995371540225,0.04806736899208076
3340-169293-0055.wav,42.898510980309155,0.07101658864543822,23.95182832083539,0.15501108041891806,10.52298104552196,0.1105387669602544
336-125876-0027.wav,78.63880398905704,0.4897555645401673,31.37925840940466,0.11556466402584874,9.604560946275623,0.04738701111438977
3361-1150-0018.wav,26.147084476746297,0.0747365431872503,26.351660863325264,0.07988282146753507,5.003255775376868,0.02898296369692167
3379-132601-0026.wav,57.095640182107886,2.4904482311441605,51.216479778226685,1.3586428278580667,12.629457157827499,0.5101860267664766
3433-135988-0015.wav,47.73238811653867,0.42419124982707945,20.25601789241894,0.32163451247259545,4.476255856918936,0.06781743706006817
348-132751-0001.wav,43.95937961498789,0.22806184299331833,24.45065690418734,0.5615331307467882,15.151474605384,0.2762232121978426
348-132751-0034.wav,56.28447194182008,0.22529036653838622,42.141259190165684,0.5864732364638942,16.364034305191154,0.3239562775934193
3482-170452-0017.wav,16.542229445523816,0.19550892998819297,19.79446424959024,0.16452618065061286,3.194425794957786,0.11825284931247113
3526-176651-0011.wav,9.940522507082875,0.9473866032414914,16.465487125844447,0.019473117148724524,14.482423483154328,0.01736348378552353
3551-7884-0023.wav,41.06331752089109,0.5345608829691848,33.154834980277876,0.10681659278402872,12.855502977234085,0.08626583844285489
3559-165413-0001.wav,69.9508976792644,0.37068322660975467,36.09310717081673,0.5729665410529162,10.102539593945725,0.3234071048454126
3559-165413-0036.wav,66.54704256480812,0.1767388649154997,28.88413745014832,0.2477561254868131,7.841281643303232,0.17928664123548665
3559-165413-0067.wav,71.2197058861007,0.19949350409981123,32.26454546610074,0.24317410725216848,9.990003831758289,0.13190481836353474
3559-165413-0098.wav,61.92059944605971,0.15962821479512582,22.021977331348253,0.3231746538741562,8.470965983201967,0.20720939693214838
3559-165413-0126.wav,68.95573900043574,0.2153115983842406,30.33018969079326,0.4439482070228875,10.121650614302707,0.4528752552728793
3571-173556-0027.wav,34.80093700704482,0.4973659839502675,40.807281469087215,0.23078196304118342,37.313420960664494,0.17083592303307404
365-84333-0026.wav,35.23525298489313,0.057439130021942765,28.658648124624154,0.2147808143970067,15.213431363937211,0.1073653325951602
3664-178366-0004.wav,62.279007467781035,0.06611309338894628,53.85502481185673,0.04324630710734602,7.728115643246509,0.008219202950691791
3664-178366-0034.wav,72.03853723884788,0.08151848741324978,49.863803745568276,0.04554407402846013,10.522288001515282,0.0187321235122098
3747-173589-0038.wav,34.06881539670108,1.5359131524550047,36.91385730542427,0.44019151997195344,13.931974418980772,0.1561873448815381
3780-177782-0001.wav,9.568151154885472,0.6723496435705939,31.80724308423241,0.3406475670482093,11.059608364521873,0.1538328446027493
3780-177782-0041.wav,18.443833193507594,1.3107560114701042,52.89751575833656,0.5454061515618558,13.844706858241677,0.19558517318762317
3780-177784-0023.wav,44.95878135239594,0.5849160949338095,37.33569459822848,0.04970411100870572,13.162984202583658,0.02712827317781158
3845-181096-0019.wav,44.352808573948344,0.31838211248529175,43.101451462879425,0.1951817394209026,3.7415019470225177,0.09337414646003377
3857-182315-0004.wav,69.77198805104385,1.009709959354839,22.40649612953119,0.5886963626382037,18.217395004815593,0.5448246377777852
3857-182315-0034.wav,62.42349748201728,0.10428684043125613,20.7113445918561,0.18731916090977058,13.024010224103833,0.13460891240114345
3914-10089-0018.wav,41.003141993961655,0.9182706719154632,21.407426350023144,0.20180017741910122,7.023452350477181,0.1264827304096696
3914-10089-0046.wav,39.77096210976472,0.5933262443854028,17.375853500971946,0.18477454679035424,4.530832368287628,0.07014397453315856
4009-43910-0022.wav,37.85408385726253,0.04855300741346334,48.47931467989173,0.04610935896238983,6.694743533721399,0.02573637889796493
4015-63496-0006.wav,43.25851240281191,0.07883237296090373,27.019023030712866,0.028644443734691383,0.9687949939453314,0.00928575583862684
4018-107312-0000.wav,86.19746550215848,0.2027638783853717,25.640409480114997,0.2194509243228881,9.88808470331948,0.15374386523996092
4018-107312-0028.wav,75.97977598137406,0.34934921076868103,31.21890450528093,0.13796771590163212,7.721135383272431,0.10150923620300936
4039-184264-0020.wav,87.29260553641163,2.7094820703877422,53.56533822561197,0.5977675626941696,13.514491949401096,0.405177043549971
4054-11077-0005.wav,27.335422561071955,0.11930151348449429,49.62824764987177,0.18914652671951498,6.142130618901808,0.038469174566295845
4054-11077-0045.wav,27.677871525799365,0.09250223821107102,45.14421547168259,0.20364615321630802,6.024229071026838,0.06384947400050509
4116-13265-0009.wav,25.22070659111195,0.057902087808923114,37.28730934252292,0.1563504931269649,13.296686959025351,0.05554087131792386
4137-11702-0017.wav,45.27551437499908,0.16259750902244755,50.95107236162643,0.25254910434338385,6.567257258549801,0.12041216247950641
4137-11702-0048.wav,35.94356311866257,0.18524405805246985,46.88429779807072,0.21937148231858372,8.358195575873797,0.14276857025214126
4195-186238-0022.wav,46.700837372826875,0.11289738435578438,31.80958881339076,0.1218021323097302,6.006680471560659,0.035852001954858846
4226-12707-0029.wav,61.91675124602328,0.2285288479079439,48.346869799229964,0.22318680329068094,4.919901139532794,0.10124115909285068
4226-12707-0060.wav,65.40145419412382,0.30537864900113415,40.142525893729115,0.21091443593491496,5.906858012654853,0.09229729638177661
4234-187738-0027.wav,41.06661501526908,0.3144218483363327,49.86620340896448,0.18180145662644498,8.18930772792621,0.13554182010940394
4234-187750-0033.wav,54.89430425923367,0.166370587355095,31.209736766011154,0.07841598967563851,9.441077269563321,0.042543840789076914
4289-21393-0002.wav,69.89875126362095,0.1611799455531421,42.74011400185985,0.14250481825285694,11.564053937032872,0.058492855303522065
4289-21393-0034.wav,75.89211191018732,0.6080876406979867,42.75235210883459,0.18432183739575728,9.645637377406784,0.09507112149258166
4289-21393-0062.wav,68.88612577172678,0.10668368181983759,44.05408660404061,0.07923574489032086,9.344944626741047,0.07649455930975184
432-122774-0015.wav,58.76128846886125,0.9096225016301034,62.582336548595926,0.8389061452975868,8.796920222408916,0.23644681467973638
4331-57179-0015.wav,48.473198624213836,0.14913107826508645,55.51714499681041,0.11371401227425448,4.338434651108364,0.026058796325467218
4331-57180-0001.wav,36.82926951919814,0.3146267947677509,39.294430274781256,0.22361683814381325,2.900289695490643,0.034083000167079214
4331-57180-0036.wav,40.46585451563733,0.09808790425173325,32.9147385569226,0.0549827604209247,3.6611431934157066,0.015689046348321314
4331-88349-0027.wav,53.54660773942965,0.13678136513202735,52.88333894523061,0.07990370519958545,6.56672412809649,0.03884227941961164
4345-7635-0029.wav,104.53881004416303,0.49529426115685066,20.977431490294205,0.1924956476368381,7.4702949971359045,0.05976571373144425
4352-10940-0013.wav,51.39979838861761,2.9321858456624845,36.69539194192872,1.6016033443750195,3.433442134959225,0.2304723420989422
4358-44937-0018.wav,52.90149250515195,0.3133310513354731,31.717320488167754,0.06737854922180109,4.657179588370962,0.021175535075623402
4358-44937-0047.wav,66.32518385671398,0.2343647103849715,32.11938270464775,0.1062626430969474,5.790649356189774,0.01619002269962706
4358-44937-0077.wav,66.38995419713056,0.38299816439824785,28.96993286420276,0.04227791307943103,5.425766569429505,0.018170075601309957
439-123866-0023.wav,43.37593801514315,0.4347269808525971,31.071933812413427,0.11248405140493167,5.236424586227621,0.035284013020648916
448-122800-0006.wav,64.91517732363843,0.30173992951356715,45.57057870720231,0.15294065008890434,6.129111557264163,0.044671484885154086
448-122800-0050.wav,65.45836020101753,0.37640495568363846,33.74347256310166,0.15932007876279392,3.779438800471993,0.05775484127115857
4492-8904-0017.wav,31.34933697029373,0.09421339515134974,29.75076281208847,0.3093265439958931,9.118548605639324,0.229791292466023
4492-8904-0056.wav,45.73928923930046,0.10357723278396021,41.94187207911109,0.36413444595490474,8.725547136507934,0.256080060236724
4511-76322-0013.wav,74.50750143078834,0.7079111684474868,50.23812820229758,0.08083911735782469,11.95880309310461,0.041264920701998255
453-129308-0021.wav,17.685625214467837,0.021560996318102446,6.127234377470967,0.025080155976350733,1.308732811135688,0.006861149620269733
4549-39615-0024.wav,68.71732058562431,0.7246852663591832,90.75392351516041,0.5966730870906113,9.086160396731437,0.3107667201784478
4549-39615-0059.wav,70.1580287863036,2.0415501567467023,90.73645486676041,1.5247376771429113,10.039876893926987,0.693511391680883
4640-19188-0026.wav,41.16344942243535,0.30140434081934675,40.652377029034604,0.2603494593527823,8.613085338145428,0.13141103150221342
4659-26488-0018.wav,85.43241934217544,0.06674122168657312,33.268056073347225,0.012818588105204008,5.456239292585653,0.009896336917985055
4706-28495-0012.wav,89.31796506165816,10.976942171695514,57.94944710732761,0.30383322502316684,4.103107166267745,0.11296717515103163
4710-24606-0009.wav,29.121736661280167,0.030479300553883443,27.014599598694023,0.04304405156280863,1.3614095185663833,0.013701479132650142
472-130755-0013.wav,17.252638394355547,2.8301863795372135,20.08544921857246,0.2312219617938752,5.79906090220454,0.1540427470212225
4738-291957-0019.wav,72.98273735239518,0.09761751748592876,31.110716948753392,0.2619188239067183,13.439531894995596,0.17199821922833455
4766-1814-0012.wav,43.703157810234416,0.16455722602631997,37.67004682379567,0.22720835546467147,11.994134603547785,0.1134054978723965
4766-1814-0046.wav,33.57718495383317,0.4800364077757748,31.17846408838193,0.4507249679023346,10.004563702587262,0.1865657988655388
4766-1814-0081.wav,33.18501011764532,0.39510307754366303,26.06511143989388,0.13336458506881652,8.092297855760506,0.03699844369009399
4788-91208-0020.wav,61.006252035569915,0.2994275885120965,24.295572639338484,0.10643691342620694,5.794846616215537,0.04524852063086091
4806-26894-0038.wav,41.53513172627154,0.18692816718543687,32.8836567329063,0.2546965526156771,23.09746403255502,0.2921906196932506
4872-20425-0020.wav,47.86934161390423,1.4494476372692713,23.86275391070169,0.13979728203993488,7.517671258690788,0.050018570192196236
4955-28244-0007.wav,37.081841829817755,0.014144106040801324,28.08909880830341,0.027669976761406586,4.497127025198822,0.011434297881577078
4955-28244-0045.wav,55.196475521281336,0.0033956425364371602,41.40233996429576,0.011624226742443431,6.085035457665491,0.005289940737172418
5013-31101-0018.wav,45.78407470385776,0.8439645237756817,17.835352715868282,0.04079823727844596,10.047844705691505,0.024002571656013674
5019-274728-0014.wav,85.87768866681984,1.1032953714991183,30.462024797982107,0.23574267834314938,7.981775857283106,0.08322223533821904
5023-41918-0004.wav,54.90827225845594,0.10473997281603775,27.57021825213472,0.12993484827323407,8.82625687940178,0.03815826785789592
5101-40462-0010.wav,36.61893573791107,0.288537693998868,28.10769385929374,0.16509868406839212,9.34222373656093,0.1648972756312326
5101-67853-0016.wav,60.81707211625528,0.14047604099321748,32.10713114165644,0.13156226029902465,10.161250174293013,0.18717035675069257
5185-24772-0000.wav,23.47443311806732,0.6467436631512578,29.42458602729497,0.5038193286736602,1.4937624018368294,0.14137918499390048
5220-69517-0014.wav,56.47611827425538,0.16782851210140037,36.042422406499476,0.05246688200287011,5.255219777822937,0.11837852555959809
5230-4844-0003.wav,29.09666954228313,0.022977055229080338,17.819573609130153,0.011806161092707811,6.895474890825596,0.008162923752837092
5230-4844-0038.wav,47.72328579608111,0.05402918822468089,37.86667456158153,0.23431833320920378,9.902666732853715,0.04868819122782061
5233-39051-0003.wav,42.87214474499466,0.08384353912756565,40.35408564304925,0.17484772335321574,16.28676964848073,0.1675624379758181
5244-54280-0021.wav,41.1651722450537,0.03563869369084616,53.440557239155616,0.0901487655318388,20.998553832315626,0.11748539520942702
525-126965-0017.wav,23.117164540726417,1.9059538502631286,18.45542610609585,0.28764625575453884,4.734133985301597,0.2989340219269108
525-126965-0125.wav,23.415972437995084,1.2932827420760384,21.536024175602343,0.32183023414734924,7.0066869432821335,0.3395038975508879
5304-55856-0018.wav,47.07777086867418,0.3619522450366308,39.78053764066049,0.164606065268083,8.688503543583488,0.07366693534365092
5339-14133-0005.wav,65.56721971296025,0.2200861620384805,29.400299688071613,0.04082799607040179,13.135186629005588,0.02112166229133999
5339-14133-0041.wav,55.60899932956441,0.14802698444707862,28.175682579045077,0.030977645112073657,7.1835394479078225,0.010273250171810123
5379-44344-0023.wav,67.67295850564223,0.0489861146732871,31.723774643932895,0.04204397930994308,20.827617580698078,0.06411994201189523
5379-44344-0056.wav,60.83598163641339,0.029372825533459254,45.10106359508334,0.022660413217697274,17.936372074075784,0.011302163523854379
5389-4861-0032.wav,46.81292479407437,0.4101661212515772,21.233248916012954,0.2567961351418061,8.023799934878891,0.1458215692368464
5389-4861-0066.wav,47.0928344191137,0.4258107205228107,28.243817366324425,0.30274741575619735,12.290382803502201,0.17446451132198898
54-121080-0009.wav,16.848415510769065,0.6319322590553719,13.557392741147352,0.3442732713263421,14.960552565535167,0.5350958458933195
54-121080-0043.wav,20.084837017928283,0.5781354014342551,16.757453964076543,0.29719548580769134,15.445922376941386,0.4051247843535189
5401-39508-0029.wav,62.84291469935436,0.28139779816238164,45.2041182212114,0.10292567333591836,10.9683098104395,0.042869557847408465
5480-41791-0000.wav,29.422550824645924,0.07075415457147899,44.190217430925685,0.151611654513871,3.108315349536043,0.042917563421574025
5480-41791-0028.wav,39.37556283741378,0.08390087918497877,60.59580635225091,0.09527648189740724,3.975697229833247,0.023782084184553416
5487-41940-0017.wav,36.10706128964339,0.33998574832861694,32.63239499158896,0.13786805234000676,12.502959824791255,0.10254605224441073
5487-41940-0047.wav,43.13419983993744,0.08195179602648801,38.24306271285782,0.09306858622837048,7.060931207088937,0.04636854488209561
5489-65803-0001.wav,16.241369034173896,0.08493206910807866,31.334321243636836,0.20906221572174846,6.956946658945731,0.08181825889465168
5489-65803-0029.wav,29.4230951854487,0.04669902242124616,56.74376142416139,0.3755795609961755,7.535933686180947,0.10768053731810989
549-126410-0018.wav,51.68119397089186,1.536310200612322,48.997770301796855,0.2650126756707334,14.347902051269795,0.18037909047751685
549-126410-0057.wav,45.025360231345815,1.7331886765035565,30.13971116477532,0.2884969978627665,7.533585878704353,0.1863543800937888
549-126410-0088.wav,38.85742338634836,2.4674143264560553,37.39772871534784,0.29814246747193696,8.630061684350474,0.24401995887123204
561-126312-0026.wav,42.38320675029472,0.3847290079340459,24.58954581918371,0.22786203280429018,12.376459392133661,0.16717527808030416
5622-44586-0008.wav,38.11619087437108,0.48262055763596934,42.31797500580476,0.14763207742870924,26.536563832587404,0.10488149758081511
5622-44586-0038.wav,32.81246983448001,0.2886804773046021,38.86948333482063,0.1577301850551992,34.47311848349442,0.10891761224788461
5665-38051-0025.wav,43.86557292106691,0.016807656284499175,60.06701594882138,0.01809849275066629,4.828493795710468,0.009736002177784767
5665-38052-0008.wav,31.07915507808571,0.005067831772551755,34.173487653087314,0.044710680646890676,7.5139112305263875,0.021878780705475987
5665-38052-0040.wav,28.691742158136528,0.004788725719689377,33.02445789070662,0.09596149985191858,5.744442230987754,0.041130765872186476
5671-24628-0002.wav,32.516957186762845,0.6316238716035422,32.02871158666433,0.4189061645562556,9.506876657533816,0.3241132141994843
5671-50453-0004.wav,49.487164223498404,0.24808799099644127,56.941245262403605,0.1436673803952034,11.832714675252012,0.22951116290166532
5671-50453-0037.wav,46.15435524037966,0.1539725616561546,59.79123237275841,0.14645740689873657,6.430227342773404,0.09586377390764637
569-126489-0025.wav,43.664889999308826,2.047585883671185,27.848371483015125,0.2023531261460467,3.535033955631351,0.06855313584787755
57-121742-0018.wav,26.535524660110838,0.18411954799876298,26.6602422339243,0.16232575633018506,3.6940563069807326,0.0696335808227953
5712-48848-0042.wav,32.7768095515012,0.15609932008522798,35.11071012249064,0.21761073355953292,28.15766140549575,0.2191894145500508
5717-94876-0019.wav,71.15579804774109,0.10665323503323156,43.06849887887644,0.2219544075642665,10.583786084165604,0.20587684913688578
5720-48302-0007.wav,44.901535814749316,2.279540624746943,34.901993650142096,2.0168907290886198,5.411534101551039,0.18383980203217434
5740-97610-0017.wav,52.43595770489278,0.3438011909994654,35.695196960984596,0.274104907823604,6.374236362664329,0.12586901122804547
5765-231845-0012.wav,41.82604230816564,0.2840894038032826,20.48984780218352,0.2757059898054978,9.792146971008085,0.1465467111760229
581-126957-0008.wav,12.13220223745687,0.17082685715912574,11.139908657667412,0.24545138323169888,1.060981615539816,0.04908237713583226
5826-53496-0025.wav,47.180503712749456,5.573361130911823,36.19129947097131,0.44712609272501835,10.43962212626611,0.26039119701855307
5840-54188-0007.wav,28.032064025581597,0.7173210446487089,26.67141243207358,0.47882030008156107,19.316312173762736,0.4799265993901813
5840-54188-0042.wav,24.386816410375012,1.1305528188907739,14.500804051277127,0.4370216058697897,15.78246821774404,0.47551658770709515
587-41619-0000.wav,20.689083403796865,0.8749699253965956,25.599042385632572,0.29849798425416474,16.091083706215016,0.5092195520291011
5929-48603-0005.wav,54.99579566028822,0.5749015864436771,39.54235914604825,0.1597660435026288,5.541850078751635,0.0620797838698904
5929-48603-0038.wav,50.84983405705004,0.16881262915958456,30.98637123660416,0.11831769288393187,6.483226206504105,0.06435189353663773
5933-104482-0011.wav,33.76442999652783,0.13403067502799687,32.6020072188778,0.12209663892630418,10.734526576360683,0.06468684854397037
5935-55927-0003.wav,64.81808583871124,0.2424315461476147,27.22776796821002,0.21203779505277698,5.167452814671925,0.10985847738133397
5935-55927-0033.wav,67.50182499947914,0.13269143378955095,29.871347460460075,0.10888635365743835,6.435344389578305,0.054354781188877634
5968-61356-0030.wav,61.61622216513235,1.2721314009117244,41.73394590021046,0.5346968150625644,6.7966573665323144,0.26901206842456854
5983-39669-0044.wav,65.17767904884016,0.1840569241567272,54.91423672826566,0.3101210428165216,4.416678900435294,0.10125834725388602
6075-57154-0025.wav,60.023724166243106,2.0697896399680116,33.5185576888526,0.8675384799767261,13.365515947566312,0.29223447153646087
6076-51653-0000.wav,78.44681096692854,0.5748854379837103,36.135306943736126,0.19829505029193428,5.584493759247209,0.1809612442867366
6076-51653-0036.wav,75.95055933053649,0.6349417648051509,34.27175599737602,0.17721371912928896,7.1838176619022915,0.14024485098612263
6087-50469-0017.wav,59.489763352881994,0.03959234493250463,53.781177155450976,0.05528256106537835,12.354368658392309,0.029342863148737696
612-121766-0007.wav,78.51954874004925,1.5648484943975012,33.663659934704924,0.6589931964511598,4.184325768717421,0.1562519522196076
612-121766-0035.wav,60.88592558401036,1.8142355691189884,24.54132039223137,0.7738038425332563,3.81771369111446,0.18618033280782856
6159-58440-0023.wav,18.77519850365653,1.3564015225282864,23.7550281617822,0.30961592512446545,9.735872098177008,0.29411873166180647
6160-44912-0012.wav,32.03490397998058,0.059143787992772465,33.491725178932654,0.40000782878385194,9.297740422441201,0.17367199399614905
6160-44912-0051.wav,40.424107905925844,0.15657260002148687,48.18765124980155,0.6451402742253399,9.096239905630442,0.1783024458429725
6160-44912-0082.wav,32.07382143842974,0.02789656659536037,35.01143507277128,0.35114539834653774,9.10101453153191,0.13549252035981194
6199-80041-0023.wav,66.07053832198922,0.2020357434316363,20.2699567618656,0.08082345014992749,7.339102912974705,0.03769855943678576
6248-302581-0011.wav,77.58780540445959,0.5185472528480817,44.97346728963477,0.4087114479558954,10.54897957154569,0.2573106351708685
6248-302581-0046.wav,62.34192090100567,0.22866115826916056,49.74397692800574,0.49587968019121165,9.179721679653895,0.23098983228683284
6269-66185-0027.wav,28.426826073495473,0.308307793226214,49.148371899908156,0.32575037154008946,4.754574337275889,0.12060004458592066
6332-64733-0029.wav,41.44087323491995,0.22818534697276194,27.015980941839878,0.072655004189539,12.538407885429478,0.07032782390817988
636-128310-0032.wav,56.58150375568129,1.2085461455230357,32.172418562699946,0.15797061128722276,4.209815703460945,0.08339756520888882
636-128331-0027.wav,29.218644301165707,6.6128170320832895,22.25121754908132,0.20503387852531166,2.0554795073427665,0.09737015023458143
6364-66741-0029.wav,46.87595814458524,0.1326368293713555,34.78132906163323,0.13274145791033687,3.6580610774222024,0.024256482318556982
637-127595-0022.wav,60.06417577410293,0.3718038692266392,25.52581031980798,0.0480777233556735,5.427762892373956,0.02270463855277266
6370-92920-0018.wav,78.280267889928,0.06454115237740919,31.46562771701574,0.03844052222787047,7.565925228198247,0.009253192508829486
6370-92920-0055.wav,76.52338790615907,0.09376079933853397,31.561427082360947,0.08018837237052874,6.613097763141244,0.016077302382176962
6370-92920-0094.wav,82.54855999930187,0.0719424736839292,35.86930751848257,0.07501635017154093,7.736703982505051,0.01942917511167949
6385-34669-0028.wav,33.735366819716646,0.20132860012151632,22.94203429379226,0.2419420547779975,10.004482471670956,0.13099974911012927
6399-278847-0038.wav,49.709802023631,3.128026072422069,27.411710255437107,0.2734377858421143,4.191869545480416,0.1537838629844135
6411-58876-0012.wav,52.97270584352835,0.2055596901387594,37.87532229950136,0.18728462377503516,3.421017156547921,0.054563850423437456
6411-58876-0056.wav,49.79133635637658,0.2072184656856413,25.53980869360908,0.16144695959601443,2.0908130786342594,0.0502202052489046
6436-111963-0012.wav,41.458892440909075,0.03966900359311001,41.49853438022791,0.1385018304816303,11.268195846111194,0.035050689177778926
6488-66121-0009.wav,39.36793687026679,0.1841185114234482,28.944912389499834,0.07113170437381776,6.108565327630334,0.06145345189169715
6509-67147-0008.wav,41.62416299248454,0.9197621024725795,42.2511508877942,0.46458936817878815,7.413318794765098,0.14218279534871991
6583-66269-0002.wav,12.773049335004035,0.13584882107574842,46.05486418449456,0.20835072877179278,10.76395614646806,0.20074786281288368
6625-73085-0014.wav,64.65293716608451,0.6064519509259279,24.065615836853894,0.12278267814416241,16.449183054432073,0.08250476380991181
6652-70975-0052.wav,55.594745574570915,1.0657531155157718,33.308409748449776,0.14685464667252027,7.88426931479079,0.04471183027855281
6687-119386-0024.wav,94.66758368155568,0.33805102228927586,27.264644357881735,0.024510943679053803,8.46940128358964,0.011064501207118745
6724-74002-0019.wav,44.949235338089935,0.20959664299118733,43.57000777836384,0.35785534733298324,7.776385845215637,0.14678657728918235
6794-73984-0020.wav,66.63329667460837,0.0478491085868481,40.55614008398017,0.2671883569408702,4.787630017405202,0.09805527737056031
6794-73984-0049.wav,70.57082016734779,0.09413644658062684,42.51565923011655,0.15986616125243353,4.634860563497975,0.028751623652271824
6794-73984-0078.wav,49.60008364298708,0.08252638690866361,48.165147167624355,0.3163713523470894,3.211915471670492,0.11746155376291612
6848-76049-0017.wav,45.24458147010682,0.6728635880887347,23.744162820768796,0.15744583304119333,4.06282035920463,0.059491323703914994
6912-70845-0016.wav,44.424354733933,0.0696007807792923,31.03893203397717,0.23008227681601026,8.85079637792425,0.14454025517456043
6912-70845-0062.wav,68.27465517344959,0.08524105029355851,35.83174242571461,0.13383105689607974,12.796464927153648,0.08239437905134919
6912-70845-0101.wav,46.096129909474364,0.09507409663977219,19.018895812986585,0.1482119878961984,3.5125829906907975,0.07067341167993778
6918-61317-0024.wav,57.514657414713895,0.17014773609675624,21.5974528610298,0.14239785245137093,2.787212311053986,0.0391824339061661
6924-291609-0020.wav,38.086037760804814,0.11499611955348588,42.234952466384456,0.18350531992531222,13.792424996405673,0.1169455174510063
6927-86043-0011.wav,38.98180301749148,0.1354349837643667,53.10051127666158,0.34253229090716275,8.333355171141767,0.15180540015659463
6927-86043-0048.wav,36.31813166366681,0.2840046096758253,52.33404800838569,0.3481850780968225,6.502766091746603,0.15154964595852446
6943-85168-0026.wav,43.62212515686807,0.06449719403900311,50.724784782265125,0.06301678585580021,12.731742388458953,0.24385520124995477
6947-53262-0014.wav,33.89568214523372,0.100910596209459,39.30352594440978,0.10862352288450715,2.1415582551057266,0.027453580405922565
6956-81870-0023.wav,88.55191314874622,0.3228878829042632,31.24647760778127,0.18656949054269412,5.533372503388635,0.07362249624718731
6965-291718-0003.wav,46.20342670185734,0.13839336852886253,34.618945798589394,0.3707026354048279,9.223933697834267,0.19656240638545724
6965-291718-0034.wav,45.260710089323474,0.08923952704554336,30.761035919787233,0.2905054806417021,8.3577625688262,0.1241023839903159
6978-92936-0043.wav,64.38174129872267,0.07375752679315577,32.42604852187905,0.01438397989862538,7.894019168762215,0.040177202055381236
698-122863-0028.wav,29.092470824604874,0.680055796663769,30.918251620456,0.30273622515511256,7.382132207071732,0.15756270490100402
7009-83683-0017.wav,98.25950353508016,0.3588204575421209,44.536726701540516,0.4783188650375029,14.027604448239016,0.202572700192251
7009-83683-0046.wav,83.64213600088274,0.17691652274585826,34.339885249783514,0.5087839099618396,8.983037423872258,0.20808152704921146
7026-86943-0021.wav,121.82294903025901,0.6015969573922908,59.997258833713204,0.22582049612206959,5.484192312294473,0.05615283419698905
7069-246893-0022.wav,72.45053474795004,0.5304085385927632,34.265910996777365,0.36520773497179315,9.440167846296607,0.16094456850598052
7097-73688-0028.wav,44.26700949661045,0.22901166294083303,23.974536696825144,0.18172437491154972,5.579008859388099,0.06689951152086025
7131-75934-0029.wav,36.47871112110722,0.29732178208726384,54.55469419163609,0.09701603164082152,2.3465900542248592,0.0173981954926206
7139-88748-0027.wav,85.75278727310942,0.6716710137991996,29.45553979907225,0.3697024369733295,3.5967486677166853,0.11798699489230338
7140-72210-0027.wav,58.12829191212652,0.6447164292200865,59.70719004890337,0.561618933762253,10.494241562504634,0.14930971574793855
7148-59157-0031.wav,62.71654117230803,6.7800751082774,39.865535865346814,0.9340671942061628,21.330622263364827,0.5342244787875727
7178-34645-0025.wav,36.013751217877704,0.35668668577979906,37.07899290356871,0.16722637604172308,5.727007334847643,0.15979362256935992
7188-82904-0025.wav,57.47643984691387,0.2063126809971086,20.02878226776943,0.11055550607791596,3.5910582547986922,0.06586567045201845
720-173578-0025.wav,126.62950467337488,1.2558594342850868,87.25390161342466,1.0089842157785434,20.249085231906008,0.34453784600572973
7241-90850-0017.wav,61.025307847908216,0.03944911453718004,32.30049479447706,0.03164750300887966,11.592987266985391,0.01968095629453887
7278-246956-0005.wav,46.68696608697203,0.06729706827579217,38.27770546727199,0.1104537675596803,11.461736043689053,0.058504062515439416
7314-93276-0000.wav,27.1936027412274,0.3930463816842418,24.954412899596193,0.12805034097098553,5.3614248099053405,0.05716341078028262
7318-96168-0001.wav,39.62840933001079,0.22646880533694716,35.63270652404574,0.05452380564549611,5.851185299968921,0.027083470972411865
7318-96168-0033.wav,47.835687282711696,0.20731795087074356,35.20063532694261,0.1277407281088639,3.8454166236482172,0.04627823430728858
7320-104988-0007.wav,103.61979426246928,0.2784355044517434,28.8652882965889,0.08716369414930057,19.833092425176645,0.05046071483996555
7320-104988-0048.wav,87.62042463752107,0.5137147336173927,19.456552100275836,0.0743075766489686,22.72158295742581,0.11804082239156422
7326-96553-0031.wav,33.59293601887446,0.03199357061221577,46.653200699944215,0.2042716804036279,6.432080251644604,0.03633743176880529
7338-92154-0021.wav,35.51787176602198,0.4120149021241694,27.08880276394308,0.12091604572694967,3.8620721326948084,0.06431006047274837
7367-86737-0023.wav,23.036300026803318,0.17264186198310297,34.06364726423317,0.15259650347229853,17.092847162295342,0.06315239023536966
7367-86737-0058.wav,20.87809639490614,0.13278531176259076,20.034750660314742,0.20903504913293613,16.29470401895908,0.14356622028873514
7367-86737-0088.wav,19.530251117643395,0.25740301241935126,23.840646188780095,0.15218456704660074,14.134037858497292,0.043428953469657285
7434-75939-0005.wav,50.40946443889266,0.3313419937007121,38.73074791960762,0.07537401290121978,11.078308893509426,0.03106644168097131
7460-92002-0006.wav,39.66039043201729,0.2434610823588812,32.03553263507289,0.1078155834442763,7.781658160299064,0.05217937430072201
7460-92002-0042.wav,41.82888074359471,0.07452115941996038,31.88373197684224,0.04619851085567941,10.0162137123898,0.02465242625253132
7491-110524-0010.wav,36.61022223953804,1.4959922676470951,17.815567656060345,0.17354587735285112,6.729925707964329,0.13870386368316948
7498-99124-0005.wav,11.149390562850058,0.047067454728194694,46.071460783865646,0.4162742825393084,13.687540006970277,0.3110549455337006
7502-100426-0023.wav,28.78477909031189,0.027471293532383798,37.690890043234326,0.02333749514587404,16.831123260286027,0.018956882737544156
7525-101265-0009.wav,46.68499799117486,0.8409733881444045,23.931756950113197,0.29491026390271696,4.318225774797058,0.16602122591901836
7525-101265-0037.wav,58.38366299961623,0.4669511640648491,40.569513735550906,0.455211030634848,9.537641956765246,0.2916073826335159
7538-100044-0001.wav,61.262958107906705,1.409580316084836,41.39293485853303,0.32187539672455673,9.408293840790343,0.12024123885705548
7538-100044-0031.wav,66.62414927645908,1.1503518037528722,36.88692772109762,0.2752250602064233,8.64544072419923,0.07917349988552728
7552-87290-0023.wav,70.35019546995908,0.1587048402068007,55.53889550806501,0.05326147450803996,7.642238658541113,0.040993522792351376
7552-87290-0060.wav,63.11806358015239,0.034364184700194256,51.25449726797026,0.06202368890922832,7.358427146406369,0.03642450997646707
7552-87290-0092.wav,64.03890233948627,0.15650759707622822,35.9311600416049,0.08353828127075455,6.9582227089058035,0.03452278799279855
7555-101283-0014.wav,45.538210793277344,0.706358537636347,35.36735120978905,0.3877013622028474,9.196776109311932,0.2505608859412214
7555-101283-0061.wav,50.189504218409596,0.9091266532754112,38.424982013282154,0.38830565901895986,7.634362471665315,0.24247249064022727
7584-101856-0027.wav,29.82601012574411,0.3665117388947479,60.620886831145434,0.2822767779411038,10.537461528972836,0.16163435611369803
7640-102465-0018.wav,47.09824082496326,0.27283403413330826,32.48867411315897,0.2026833318037545,5.082568279767143,0.1075496966842966
7672-96509-0014.wav,60.1024145786261,0.09301852450930372,15.119646740946367,0.14177749025355427,6.346362145241594,0.03653851299700306
7672-96509-0043.wav,44.16954139314067,0.22381804630858376,10.129921846318679,0.0777847963402264,4.327248036309863,0.03396482754841894
7679-113325-0034.wav,39.58500263403398,0.4186492455975488,50.32894831446125,0.24250749446886302,5.814677207856925,0.11745463536179637
7687-107687-0021.wav,49.39424183033095,0.1927570500783374,52.21222031226644,0.697909973708189,9.928824733056716,0.30415570474642434
7687-107687-0058.wav,38.02013524611579,0.42019364076224885,45.47785153919683,0.2573279627654434,10.862474943258132,0.05541218891220342
7687-107687-0104.wav,38.7626645292967,0.6007193833156511,34.84570504741413,0.3762895883670809,10.283388031803986,0.08227960273242538
7687-107687-0143.wav,36.55600325585807,0.7988834018644351,43.43635590950257,0.25640874664626695,10.603521751997055,0.11058316879044065
770-134592-0019.wav,45.55926627490089,0.12460950444560222,29.19767517440524,0.2158256784756593,8.22038626214377,0.07339693546209863
7752-110522-0011.wav,50.6896525344231,0.16715839759667164,25.90835971981317,0.08580509508087769,5.705459091193584,0.04583167492738574
7769-99397-0021.wav,55.00344025378555,1.4212380100934072,42.446669512988464,0.2764065731415346,4.6686027073998,0.07342421337669186
7786-118693-0013.wav,73.62135016123362,0.07165934779705972,29.63718150567047,0.20213376318336007,6.506846814776348,0.0995739078048213
7795-105407-0008.wav,49.66354189302408,0.08589387226495429,45.76753734302376,0.06679560230509139,7.78887756657404,0.02812172222330389
7795-105407-0045.wav,41.95285787293965,0.27487191091221586,40.02124497621683,0.11192991455798276,5.144736459462172,0.09094668382358236
7795-105407-0076.wav,40.61405349787298,0.19932929621248502,37.41836157087082,0.18474738794726664,5.364006411235808,0.05707890092448099
782-126738-0024.wav,44.98979856309196,4.577940631051542,13.326406898288836,0.7292216026488623,5.095754773343137,0.3060268746686529
782-126738-0093.wav,52.535875835799395,2.7220023335865635,13.241578502267055,0.4128094412690032,6.229101189361251,0.14263400618731384
782-126738-0122.wav,54.67052667263376,5.283474414854021,15.843476263550357,0.7103887393360482,6.346894765396265,0.29371058232711655
7832-114468-0014.wav,81.72971937322028,0.1395893589300733,33.785156338091085,0.05813603124695641,7.957910465197552,0.04532758554582181
7832-114468-0044.wav,47.14076569751747,0.08987452876524883,21.198725180268788,0.04312668663179075,4.003644744001911,0.02751718017002265
7835-97730-0029.wav,20.989216186299384,0.06690392550340869,28.81328701408531,0.16081998867475772,6.87368598137059,0.04144811136179511
7835-97730-0083.wav,29.055307183708976,0.0651968139218462,35.70962314292015,0.1533079027397915,9.153962877415122,0.06956207168434475
7839-109872-0026.wav,44.57303241698153,0.08409530443069149,16.17316889337766,0.0406559283692974,4.891025859105461,0.018587315785723226
7867-275218-0016.wav,48.159733890624764,0.12777115462305555,26.522386274701496,0.18932595634039825,10.88399467678469,0.11295030049283937
7868-246932-0023.wav,53.63589873856971,0.3570470571172408,23.395639543814724,0.1948022392667292,4.201237978314931,0.07847896481977173
7879-274136-0019.wav,93.26912799748017,0.14722288720766658,44.616701352532324,0.08067353162061372,7.587412132681791,0.03043093881537721
7910-105673-0005.wav,53.79126159512486,0.3844190285434784,43.387734848175036,0.07199247380959786,6.321435586954614,0.024777787934102975
7910-105673-0033.wav,45.478326572632,0.14380110318150255,33.936184601064106,0.0954021162996125,5.325732557639103,0.060462307526912965
7933-113272-0005.wav,58.97994834864067,0.4691404421073457,22.30859546340171,0.0962973188485225,5.332352563081236,0.05181981951712961
7945-112012-0008.wav,67.80913882465585,0.2581335983740627,41.297617702083414,0.13374520821129401,4.587166432771768,0.06471267674186854
8005-113330-0007.wav,36.74315478239002,0.1433532764709348,44.06369783439219,0.30462662447289013,7.920681024074216,0.10435760598142142
8008-271817-0009.wav,59.53397717872136,0.3301362020362566,16.757201063959602,0.2388192671272996,4.5115714087719505,0.13570651747871687
8008-271817-0039.wav,70.58550587365941,0.3092188607546386,25.685429638943713,0.27883587130671594,6.941253618297796,0.1444051432190337
8023-286250-0006.wav,112.70618028350027,0.44849813106522024,57.60280002200108,0.4452381246943811,8.195006243139126,0.15993960274156963
8028-233382-0007.wav,76.45481037029141,0.7930939799780666,28.11407569003682,0.6811183917948839,4.943651656412069,0.3387848555003651
8028-233382-0044.wav,83.62383559992472,0.5609354863045815,28.62133215195619,0.40050347565128486,6.175641506168858,0.17462383654965513
8042-113762-0006.wav,43.05050120360642,0.3198329319807669,52.49122014913949,0.12397260950251725,4.121827667237443,0.024629676618057705
8042-113762-0046.wav,58.1456196625602,0.14596762685975698,42.42531357253999,0.1040831955355049,3.7286262733992808,0.02114101097998373
8051-295385-0028.wav,37.39907102078694,0.011323306772640597,61.376457033195116,0.06457281604123491,6.3518690682962005,0.012432346068685169
807-124223-0024.wav,90.87782963673854,1.8980265200919144,42.050845952816275,0.5408064816842746,17.32157161479089,0.1900051301631552
807-124223-0068.wav,80.19378523509269,1.2825620500665131,41.787389402116624,0.38778084702612853,10.499143789356658,0.18941448186017734
807-124223-0109.wav,59.604297962308834,0.5416077920532365,38.20305864133737,0.2684399075018192,9.978171621006599,0.11954914668391055
8095-274346-0014.wav,45.832905782856244,0.0881886594283625,26.74461764933019,0.04394979842144242,8.278256088461786,0.16302911676151524
8095-274346-0047.wav,57.703973247294115,0.0775145771369882,27.1107274318848,0.1426615670415834,9.894220930300712,0.08914199766829697
8113-301693-0026.wav,95.5469769869215,0.17965887803033423,75.53394360122773,0.16826309435956532,12.186071498315645,0.07085494048561121
8123-275216-0018.wav,51.49617110855175,0.028859850600589123,23.37077938056231,0.013832473084470885,3.1831744901291192,0.01066696884531629
8138-287657-0000.wav,61.56920271180316,0.19711989652088774,49.218838011820964,0.19864874766507679,6.984624324900876,0.14305420240043148
8142-276732-0024.wav,64.91113384204357,0.10201251286547638,28.959141572426915,0.0678775396040385,1.3420175691397556,0.013286455779241707
8148-3956-0029.wav,51.99287587178971,0.08076816835185041,46.0512495732942,0.17998287982086048,8.154932764281511,0.11642047851646439
8148-3956-0058.wav,49.47084775363509,0.12713669928712512,45.77552487478757,0.14119855566666065,5.697698423481963,0.06999740755257856
8148-3956-0088.wav,36.89300535478178,0.061229240623400176,35.82767741516439,0.0915582460189707,4.492120288787283,0.05277999611104647
8152-258974-0027.wav,64.11074999040437,0.11101821696117757,29.564691621370685,0.0520277994585748,4.954996234480958,0.01048962643150213
8163-274549-0007.wav,47.28621797274669,0.10370580034693029,32.27317022777779,0.06704972305607788,9.537113943769313,0.05360047621818045
8163-274549-0036.wav,57.35106062180572,0.23547607295521514,38.14300415077701,0.06603603310059568,8.917235058973246,0.0425863699305172
8163-274549-0067.wav,53.363430721082366,0.2887142489112853,38.69589809659355,0.048573783330245326,12.098117756362733,0.029648142315979814
8176-115047-0021.wav,61.27029830912829,0.18417237024175576,48.79521593968779,0.09384304945890193,12.490785458512427,0.07389344320850186
8180-274723-0007.wav,90.1926034553989,0.17137523118047748,58.530469243045424,0.15812461526697724,5.433507756225935,0.076466500872791
8180-274723-0035.wav,86.74013271657422,0.14269671700795183,58.20692189498645,0.17261648855596717,6.716473932015271,0.09099523526129841
8180-274725-0021.wav,80.97434174589468,0.1510904411881922,50.06068876166182,0.03823295030001956,4.046449269628275,0.018031291796786926
8183-118119-0014.wav,24.733829533415783,0.36230954060887804,34.280965038818884,0.21314624044932853,13.180227003084903,0.17747961819858382
8250-279777-0005.wav,53.80940735481032,0.3790835656767717,40.846494957210034,0.622425768344495,10.152667999816988,0.24111563816962267
8250-279777-0048.wav,74.16654328031252,0.44260713108547534,67.6109532113502,1.4621675454427476,19.331030272451905,0.7846373507456647
8250-279777-0083.wav,19.187445918203576,0.2127884243503397,14.214600690135455,0.19083325368490306,3.990325448482066,0.11087802302268418
829-123190-0030.wav,8.118763228531622,0.326625689516144,14.737042351597651,0.15823822674216526,9.148260684487889,0.1287512261981
830-130728-0024.wav,17.366063469107907,1.2619412130196532,12.86030424149956,0.5507456386477312,8.65901178842616,0.3250010536620365
8324-286681-0010.wav,36.024571192174534,0.12075674827252274,28.430696205959805,0.08482688239766278,6.809771411892789,0.036020200129315255
834-130871-0022.wav,28.80001557010324,1.3703365503845062,31.104484941802088,0.28835317629293605,14.2930172874309,0.20057369799195335
834-130871-0052.wav,33.320497402377995,1.373640207303925,36.012211070324184,0.3454156472411373,18.359903704944536,0.23829920983503033
8346-244445-0024.wav,71.16157224241174,0.10511140458299219,31.952329903100512,0.023062179228206355,4.856859754640573,0.010846799038048898
8346-244446-0009.wav,126.7588483593548,0.45869463286273454,48.90995399540238,0.07088913674048589,8.633292819709375,0.04077443983537011
8346-244446-0038.wav,89.53382399445843,0.30900761397644955,44.85463439880492,0.10076407485309309,8.696795559965214,0.015736799380691613
8346-244446-0069.wav,71.62240699992982,0.07634946866016713,29.851357627817823,0.04234173938144993,5.8043442927190725,0.012734618932295718
8382-285245-0020.wav,67.68501870393142,0.29031663917131945,49.602098489025394,0.08371020940238716,9.673553822191105,0.055036730236435585
8421-283462-0008.wav,43.72759100144958,0.10015571422137683,19.32543502795828,0.0668264212940228,4.126849164583616,0.05350391881673437
8421-283462-0037.wav,55.2255782103114,0.2436683121459415,39.13763030275287,0.10998199724822506,6.24142999847043,0.055310183249034195
8421-283462-0066.wav,48.78280865033007,0.11464113706690904,34.976222788810475,0.2775834630168216,5.6537708581946475,0.18556732368180212
8425-292520-0012.wav,63.11288811956581,0.28954385315287956,15.718636807612025,0.2392433169194757,7.064672505729753,0.09060474129800573
8465-246947-0003.wav,59.71206481167994,0.26948227326972446,30.19168051367175,0.09957233495403547,5.966795354119007,0.033460019590836915
8499-256253-0006.wav,95.9255572365973,3.417086219244897,30.80529945638181,0.10394936205437774,9.217593076782856,0.022721997986594047
8499-256253-0041.wav,112.62536983709417,2.934644775738099,33.80963470054782,0.03602740609158105,14.804620159175284,0.0163875250455531
8575-290349-0023.wav,30.895536998903932,0.11412093866067832,44.06996449158651,0.12848074205561055,14.735770247663716,0.060679625282383055
8591-284445-0020.wav,61.76282119333041,0.35293992682289455,43.99359662680609,0.388478989164784,5.734580816613282,0.29966352236937016
8625-268295-0010.wav,51.69285728194992,0.1443501973684485,38.367916906137964,0.1207269780580553,4.42224441582573,0.10131968537940439
8625-268295-0045.wav,55.8295596643919,0.11690101478256325,35.83618062041117,0.12233138113038082,4.195901064685432,0.10444626381008602
8630-305213-0027.wav,65.52824436184517,0.07976158684122098,32.72074441915236,0.03349166161598698,7.023607265071287,0.010418559447458469
8631-283727-0001.wav,85.90641547696305,0.02855010137569976,30.09872798847569,0.04186861101274057,6.9834485389882826,0.02174099486430926
8675-295195-0003.wav,61.282385738023436,0.1770860389581435,22.65921296001715,0.07873767879472074,2.426308951570058,0.02211069036251469
8675-295195-0033.wav,89.25096592385063,0.15181160729823714,32.535417179008384,0.04216934904845098,4.2280522287622775,0.016131553049742224
8677-291953-0001.wav,16.570257110354593,0.04353159892249418,35.841511987626795,0.04887992180387152,20.253330383694426,0.05524448197814149
8677-291953-0035.wav,11.099554600703078,0.10889036460272927,24.235859128090112,0.04042565361055923,16.209867873706713,0.049677776250679255
8710-286293-0027.wav,32.60804853440783,0.06864166260296742,17.741275040387034,0.11221489129901654,22.421961022351237,0.0336600772070329
8710-286293-0060.wav,23.660835261752577,0.0994125903173972,21.112296848033573,0.13504497102999527,10.542273317334269,0.0531666378652674
8710-286293-0093.wav,24.635802282716988,0.09206535626607046,19.302942637750938,0.12692092742926378,19.356015884919252,0.06513682853251794
8725-294554-0027.wav,81.60281569714932,0.15814109089243789,19.270517957413997,0.25895203470114025,6.766318734718242,0.15810968325203195
8765-295000-0002.wav,79.4984209369725,0.5698020561711932,28.676570366380776,0.14505660994177283,7.785940431045558,0.08342987895874293
8765-295000-0038.wav,56.428849483184244,0.7044623426427176,21.54260180690751,0.36045961314498703,4.475060729300601,0.28798328481139096
8765-295009-0029.wav,63.131516368015255,0.15321451730608637,28.888067862898552,0.06393859339187213,5.488994371208655,0.035172960037848144
8776-270778-0017.wav,10.192414461415416,0.007901338401102033,16.587972650401856,0.12678999341509403,27.582843981254943,0.12420704040404647
8776-270778-0050.wav,14.591068113328493,0.006079913298206532,23.82837115728799,0.20553732256578852,24.253126160012723,0.19984727119559015
8776-270778-0084.wav,20.219238577397867,0.024027264978425708,32.04290651629463,0.3226996607276834,22.962082232929053,0.22316651064100504
8820-294114-0015.wav,67.91369045091669,0.0906311484722037,45.335177452689685,0.03297555209508725,4.493233116587057,0.0075392983660805815
8846-305217-0004.wav,33.83210795643381,0.2771243886949035,37.321448879437334,0.09483334166898541,14.367954994886931,0.08738676215213961
8846-305217-0035.wav,30.359874744445968,0.20777272184421325,19.728450442372107,0.02827289345304983,11.967919057223778,0.026041119971013906
92-6488-0026.wav,75.52533949618181,0.33471061545349906,37.66596249281182,0.06929638777450112,7.910961074373406,0.036702116758254175
92-6488-0068.wav,45.52308476365059,0.3021682185656979,23.204508570941773,0.05920670191825517,6.091624408949022,0.0473553287451969
920-681-0030.wav,10.737809708455465,0.6939992032817013,20.432604584453323,0.3613932386247233,12.564120043193364,0.2075681344744303
969-134363-0006.wav,68.62997485833758,0.3515452837016576,22.01619142557595,0.30434896824608776,4.1779355009042245,0.10211054148838489
969-134363-0034.wav,64.24375234335575,0.30972243720348097,22.39657772752549,0.20789211168764143,4.2954876942004825,0.07537080376320807
986-129388-0050.wav,12.858958739119217,0.32996290680839635,15.509556139635977,0.16005672119567896,6.339122131897864,0.0666638587446258
986-129388-0112.wav,9.230512725260828,0.5979578606821275,12.40204927617084,0.14260011481899754,5.110337990385644,0.08636789711994973
