File,Voiced Magnitude,Unvoiced Magnitude,Voiced Energy,Unvoiced Energy,Voiced ZCR,Unvoiced ZCR
1031-133220-0062.wav,5.924059932516477,0.38142696431377066,0.3698629055759231,0.021705629207113174,0.10533150891452543,0.005021077772679601
1031-133220-0091.wav,5.924212826467104,0.24310318425236827,0.364564541462031,0.014281147474539128,0.08165616890138408,0.0038471155925605535
1051-133881-0021.wav,7.799764626413258,0.009175334778191276,0.5159840703355807,0.0005797211219001502,0.12078300390434359,0.04950823953757931
107-22885-0023.wav,7.163478432831536,0.04961607232473634,0.45705147189684037,0.0031832107046770967,0.08735066153238547,0.021216450269878884
1084-145077-0022.wav,4.122327900047097,0.06111203983498249,0.2640976969527084,0.003898549188970139,0.11534492924528301,0.03701091262529481
1085-169444-0008.wav,6.401987794455391,0.044197557673807786,0.4247790005383073,0.0028368107581019483,0.16655601531620554,0.026326382516939584
1085-169444-0040.wav,6.854871059776917,0.02029140655535082,0.4520908494805228,0.0012852878462303453,0.1736600489243131,0.019087265908501815
1092-134562-0029.wav,7.0355078485958495,0.3312073326069465,0.4256127825382264,0.020261933234632056,0.07934177442528735,0.03655879579741379
1097-136955-0031.wav,14.695114805549363,0.15951246080424097,0.9051542946829524,0.009401939348550109,0.09564533325785024,0.007575435914855072
111-126277-0016.wav,10.128763813117642,0.08218202360662082,0.6369885574336661,0.005131563319648918,0.08658398892773893,0.016664731752622376
1112-128138-0027.wav,8.33509575292077,0.012405860253755898,0.526915373275756,0.0007918602009354908,0.0958877733190091,0.029740722162537918
1124-134775-0023.wav,3.15098881492727,0.19530839145152287,0.20687485328275926,0.012274427925251635,0.15752733298898072,0.029275891012396693
1124-134775-0053.wav,3.6745620094801814,0.2535055254424967,0.23998623660662907,0.015498939706184389,0.15265757915879016,0.024434984443919346
1124-134775-0085.wav,4.081532444223158,0.16398396839626692,0.26898816946354787,0.010281903774589186,0.16755409259959658,0.028994007658850227
1152-126549-0021.wav,9.628653017800282,0.15692369440387371,0.6325210806298315,0.009789268295897487,0.10863520784198114,0.014677457989386793
1152-126549-0051.wav,11.105098777456668,0.11772377362665533,0.7334413587815971,0.007362019006264539,0.12073420798693586,0.016772634909441805
1154-129975-0015.wav,7.385128648658177,0.07056416661286871,0.4819803000872077,0.004377807464893881,0.14571570678158027,0.014384023496477102
1154-129976-0019.wav,13.762893449237506,0.09780299163492298,0.8916577124862867,0.006135351323416878,0.12767773309928152,0.015689423783474852
119-129515-0001.wav,8.71166381494269,0.15778445754066556,0.5645988771918966,0.010203406007368961,0.09406808362624487,0.020125654474223785
1212-14653-0012.wav,11.25340699597012,0.5025374009514718,0.6972097099249492,0.029162973300298076,0.059388279036827196,0.00349625973796034
123-26848-0010.wav,9.312908599546192,0.08244997663046122,0.5874367029339663,0.005195416060449713,0.09533308225896861,0.03130200304792601
1230-139216-0003.wav,6.981139942817516,0.14613528577314325,0.43884842004796154,0.008832982646511191,0.06696153034043659,0.021793484439968813
1230-139216-0048.wav,7.000509026689388,0.13188927311882293,0.44592676897890765,0.008331736575744408,0.057984825604053,0.02134051661145752
126-122467-0039.wav,6.740564478698703,0.052225577737541246,0.42847040373730183,0.003262550678442783,0.105888957616179,0.01794174465720023
1263-141777-0003.wav,6.570666769000336,0.07052525199719242,0.44591485807213077,0.004300624923999876,0.10432844282572842,0.01975512386613524
1263-141777-0031.wav,7.895440420369254,0.03329936018090408,0.5296126287636503,0.00204018264511913,0.10793403244223536,0.01025311912278345
1280-143268-0019.wav,8.000946396685302,0.07074219819887578,0.5136290283087926,0.004388579680292428,0.16125574014046462,0.017940576884116693
1298-1054-0012.wav,5.896783955788244,0.31630196081116874,0.3708091215002685,0.018185192670636074,0.12581254815100154,0.01230910134180791
1335-27593-0002.wav,11.770199897216429,0.014192767216898591,0.7329937999558575,0.0009269195389756896,0.12311579634907709,0.034880034439467966
1335-27593-0034.wav,10.556769861727238,0.03362558960105426,0.6535020752348861,0.002109014868791974,0.12715861002604167,0.025185648600260416
1347-135885-0025.wav,12.249048828560479,0.14383456533604222,0.8221646524368126,0.00933954094588126,0.12857761909501061,0.037385653032112526
1353-121397-0047.wav,3.3528083820754797,0.16745857841207465,0.22483951596208976,0.01011349331405717,0.12345550394873123,0.05123893465173485
1403-138552-0000.wav,6.666012336371792,0.044581948827170176,0.4539591687404371,0.0027174721880153896,0.11023280160728118,0.011958541101859024
1417-1539-0005.wav,17.651088872704747,0.50097886753941,1.1545803440846105,0.02980869400230789,0.1087819327295354,0.01124613263965708
1494-138315-0005.wav,8.812039554451097,0.24328839617834555,0.5822429129147083,0.015316432603236495,0.07359357753863134,0.03570974320502208
150-126107-0007.wav,5.989106899870734,0.09613794981924657,0.38666668042658753,0.005996073149352026,0.18863860273783187,0.020951262617533186
150-126107-0036.wav,6.637387610161742,0.08079102580738001,0.42759448613503315,0.00506117745705666,0.17096801125323835,0.017979755302784974
1502-122615-0032.wav,9.851325309133093,0.24267481406609606,0.6063733994092386,0.015466711067842509,0.06813764927109181,0.017861037337158808
154-293987-0022.wav,8.39708596177811,0.41702428092937827,0.542144863096974,0.02412549001137374,0.08725188164108619,0.00877292097107438
1563-137590-0028.wav,9.740514618011382,0.3557976833624458,0.6048740543761756,0.020891960186383597,0.1506025648231415,0.006638634404976019
1601-136862-0000.wav,12.375114530497951,0.011943629482959874,0.8219440309937507,0.0007687449197812334,0.12257918392319277,0.010819400649472892
1607-134636-0003.wav,5.453089222564883,0.18742353527782174,0.36711513879752067,0.011232483464369869,0.06965622487942122,0.011401079347534834
161-121897-0011.wav,6.484663456808593,0.18444146273242912,0.4302530332343769,0.011823513632416257,0.09291504430719656,0.028747755269871108
1618-32399-0012.wav,7.1842770384668775,0.08827514199080738,0.4654455891323854,0.005293901818734646,0.13224585262345678,0.0055645978009259255
166-122789-0006.wav,10.54835424602676,0.059319724403598596,0.6456270783642339,0.003856559406211209,0.13658820694087404,0.030259002450192803
166-122789-0035.wav,8.101666278258762,0.07033914956472259,0.49915297869607883,0.004567028645416991,0.19830623438475953,0.03213750683166771
1679-142287-0032.wav,9.191527330073058,0.21410428714296798,0.5952754567730767,0.013272761530093293,0.08729357215447155,0.008513825372628726
1680-142282-0028.wav,8.1504658573752,0.2017727190168672,0.52499931805941,0.01238574330686961,0.11502937928533755,0.014709730188554853
1680-142282-0081.wav,8.059713433850249,0.15434395937292866,0.5127963372984803,0.009673977918248842,0.14535438467603212,0.01722815277379587
1695-142312-0012.wav,7.328419306202318,0.07213032032178794,0.465125356044188,0.004683810989509937,0.12915701288426762,0.03170149092073538
1695-142312-0048.wav,9.248049494505317,0.05787970642821842,0.5836478875162613,0.003719808540554455,0.10668364626421924,0.03194631834927611
1695-142312-0081.wav,9.019234951440573,0.06218995051151285,0.5681123486780103,0.00409666428176495,0.1278502999510284,0.029713420512977474
1733-139046-0009.wav,9.45486973349184,0.08695624085295389,0.5851075970844803,0.00540413749091213,0.09029216662543295,0.0218250363372093
1733-139046-0043.wav,9.180135445860385,0.16126801943407057,0.5769835531654168,0.010058879209203227,0.08442169892209701,0.009856056314306713
1733-139046-0077.wav,12.303484859705527,0.05910872406473616,0.7566811456049336,0.0036917258730191126,0.09614867288378766,0.007546992691893831
1767-142944-0002.wav,6.9131461389879805,0.11372278814751002,0.4370044608089512,0.00726914775035363,0.08916035843685301,0.017705502717391304
1776-139035-0011.wav,9.884691482889398,0.05190535546304906,0.6420999687874732,0.0033464749135068174,0.13885047259671746,0.03125171728458382
1776-139035-0040.wav,9.976878312635902,0.03659848004344936,0.6409046800335523,0.0023183015894407983,0.08977267266786264,0.03567731692080984
1828-141203-0025.wav,8.339559685799527,0.097528390656338,0.5587912910131569,0.006256682870481268,0.09236416345054317,0.03897930513865066
1828-141203-0059.wav,7.3998759635325175,0.10532135952733827,0.4945230474134905,0.006754848201589766,0.07829979328793775,0.0471708457823791
1828-141203-0091.wav,10.014040700701889,0.07915702327276279,0.6584331942916981,0.00510535994373237,0.12891537142440163,0.038903445161996494
1828-141203-0122.wav,7.562463339214286,0.06464878801587323,0.5043294629067733,0.004143752279088202,0.10958189883474577,0.023830090538930086
1844-144486-0073.wav,14.53152567951793,0.031347422054545125,0.9965774443258909,0.002020016447448592,0.11477380595523581,0.022142442296163068
1851-151817-0032.wav,6.358190014706739,0.05451725315292393,0.39673610509997687,0.0034664685665587156,0.13928373211642822,0.021491601658855452
1874-165702-0021.wav,7.602391901489859,0.03097328852514822,0.5109775654355286,0.0019580059652862633,0.09299983421750663,0.02248684101458886
1923-155646-0028.wav,4.838014247475742,0.010074672095433999,0.3437670729268412,0.0006357011027541552,0.22219541249304398,0.011371491548414023
1963-142393-0025.wav,18.244111748568297,0.07923238714838386,1.20885573799806,0.0050191448870364795,0.18394173324377827,0.02489737256080317
1977-147187-0004.wav,10.583929375062059,0.15534264881181678,0.6768048804808181,0.009697715087680043,0.07158613976537216,0.005744020529935275
1977-147187-0036.wav,10.183825334506118,0.1870410550457405,0.6435849262122776,0.011698978903326612,0.07303811480632008,0.008637252325433232
2012-139356-0021.wav,5.480310971258759,0.012850891990225367,0.3713843768080247,0.0008354346758257654,0.10359430073011078,0.017539278858257804
2021-235244-0027.wav,14.507570533168776,0.057002730286869384,0.9826510659377053,0.0036855495272989916,0.12421509929906542,0.015982347456865564
2042-136442-0023.wav,5.993744274580886,0.08378818145024128,0.38877275709941284,0.0052307574887002625,0.11970915137962401,0.018352149977258946
205-159056-0012.wav,7.8044306949148945,0.10553095756046672,0.5018481082757396,0.006706808574993091,0.12705562544931703,0.028999904520129405
2056-143893-0003.wav,12.03569460332748,0.0160856998261498,0.7494842045315032,0.0010576918744968225,0.13550001575100806,0.0144805908203125
2056-143893-0034.wav,12.077758101362793,0.04555481164921563,0.7608938335525564,0.0027979002924028882,0.09657838905885781,0.026669375546328672
2056-143893-0063.wav,8.183236513852517,0.004966886067045916,0.5180855972896768,0.00030827678525124664,0.11842070554305008,0.012615077201744514
2056-143893-0094.wav,8.625924605903293,0.01202620349726481,0.5375636776877712,0.0007779241217265696,0.09927813454927426,0.020200445234912146
2060-150843-0024.wav,8.553497529434432,0.10910842698810554,0.5655365847552396,0.00689567597245802,0.10412428895449309,0.02288452710973502
207-122801-0015.wav,8.67605259892856,0.07113240625730854,0.5754469065325778,0.004489432007491665,0.1230602034120735,0.03508909530839895
207-143321-0016.wav,10.978262989070123,0.06582502211786662,0.737875886807777,0.004181145846896912,0.13098348662207357,0.028955241429765886
209-157830-0006.wav,2.5129368267071728,0.0372980181841208,0.16962884960839392,0.00242005962638631,0.1846540472119937,0.05791924891504471
2113-132484-0007.wav,14.19384083723206,0.545602651619555,0.8862598887678125,0.03208006970494035,0.06843282585470085,0.004350850249287749
2113-132484-0046.wav,7.473026159322709,0.7029185086461656,0.4820970456898475,0.04176699155475648,0.0935025004525706,0.005250526113323679
2148-6979-0011.wav,12.088733668852026,0.07900261173340445,0.7418259676049147,0.004612453053705923,0.08815458793679343,0.0026541824576053444
2167-149880-0011.wav,10.650561295212638,0.26757330365579457,0.6656440595794118,0.016765252867642265,0.13563998143146522,0.028686935558744093
2167-149880-0043.wav,11.608858232821689,0.2638896453627494,0.7281659862200214,0.01692843201343958,0.1012302795853511,0.04269741695671913
218-131206-0013.wav,6.455870313568547,0.022191575226622,0.41500553282229,0.0014474383724666167,0.10299738287728026,0.03266382929104478
2196-170151-0006.wav,7.397756709394211,0.06129176102079424,0.4911855172358809,0.003832238701012269,0.15486420178022542,0.02338096743724385
2234-64149-0001.wav,9.543553886748285,0.007252337884907055,0.6123274153002704,0.00047900613659657013,0.06622817095588235,0.03216193704044118
2234-64149-0036.wav,10.012643041996954,0.005074430833229827,0.634557314101125,0.00035656562922410027,0.08924602640086207,0.01667522561961207
2319-138631-0028.wav,10.125917360246586,0.09718110127272624,0.6556106768202756,0.005484515728643888,0.06063508064516129,0.0027317498319892474
2334-150915-0005.wav,9.514075761192212,0.08028779930918838,0.6273631389076324,0.004922009483142819,0.13551734321305842,0.015497955786696122
2334-150915-0050.wav,10.271145851445203,0.20011456341211312,0.6851735575604643,0.012255153802284117,0.1250137985709698,0.018534616851316636
2334-150915-0091.wav,8.058252120169124,0.22566008615259636,0.5335609395957494,0.01355174736444386,0.11758003982843138,0.013039383233762254
2368-157056-0033.wav,7.908071809557323,0.06665088947681216,0.5335243867716927,0.004296592085545825,0.14071486771472394,0.03547128626661554
2405-7360-0025.wav,8.975098256720445,0.01044887271104654,0.5613446232632041,0.0006722291431361438,0.11815599173553719,0.07318115234375
2416-152137-0010.wav,8.89289605512518,0.0912784249440517,0.5737914187610623,0.005730284340147667,0.1320131108261339,0.055916639950054
242-122627-0002.wav,7.992232501375335,0.06366199991681311,0.49633804477402527,0.0040262406412554606,0.12735182761134675,0.02804950540164369
242-122627-0043.wav,6.8385233200230715,0.035249682568606056,0.4314017146551833,0.0022667341408377714,0.11161698190789474,0.022535464638157896
2448-141428-0031.wav,12.67267719914944,0.11731443404390957,0.8065548446917996,0.007371554997162217,0.09394099620165745,0.01751068283839779
2448-141428-0069.wav,9.12531483256488,0.1619184534662457,0.5842647953944119,0.009939509131163577,0.11383772695530726,0.016933751357852266
2485-143898-0035.wav,10.845423504847567,0.022599065174884882,0.6648790508297111,0.0014724025412305474,0.10326187253937008,0.03372062623031496
2488-155524-0021.wav,3.099493489102,0.017541454951838675,0.20304931267027887,0.0010806641105781142,0.10374869229211663,0.012562959806965443
2496-156067-0020.wav,7.355971594694106,0.10482535997926902,0.5036115647346265,0.0065460497862203015,0.11889499873225153,0.03829244184203854
2499-156155-0009.wav,6.256065953952111,0.08348001515498696,0.39695693107736685,0.0053253118671720695,0.08134722125556793,0.02575330160773942
2544-13195-0007.wav,9.653549503426177,0.13611995613905872,0.5970063780804797,0.008732784079670933,0.08941593229708637,0.04133115325832466
2545-135235-0020.wav,5.485838422722609,0.028083155476089548,0.36980922463060095,0.001745839460336543,0.07678845929327521,0.04871319952521793
2545-135235-0053.wav,6.968155720632956,0.014946221189483232,0.4550240886880234,0.0009801381839637932,0.06386906776474127,0.06252467847472924
2553-163728-0023.wav,4.616612904059388,0.16320054465362707,0.3012977602180098,0.00984503270339379,0.15033345040512283,0.008650209912441191
2553-163730-0015.wav,6.422619424185907,0.8210398861901632,0.41506854310686264,0.04833750094237051,0.10227327025993883,0.007343132804536187
2570-157243-0006.wav,7.588222209645477,0.0839120247003661,0.48223302011791247,0.005370027648749581,0.12221723875848416,0.019023636347567874
2570-157243-0035.wav,7.773556934040828,0.07850710091000812,0.4882791761955025,0.00498169406320182,0.10129987353133159,0.01675136157800261
2570-157243-0069.wav,6.712859710234248,0.12926977627331873,0.4232486811606447,0.008122111334963482,0.10687448882224646,0.025211180309432934
2570-157243-0099.wav,7.437688105186307,0.08058993246712644,0.4753967525748278,0.0051640290299207175,0.13781614240884638,0.01977933073072325
2573-186232-0019.wav,8.996928057579387,0.042015289613648206,0.5658548341411395,0.0027250733059431998,0.11034382078142696,0.027324395703567383
2574-128278-0025.wav,7.113518184509176,0.3252804122787133,0.4580835805776411,0.020255499362512742,0.1303730820971495,0.030221172374927285
2581-157858-0017.wav,5.200460186388644,0.13280931457653877,0.33984908175265965,0.008371346670929022,0.11871734391640043,0.017043043630191695
2592-5341-0011.wav,7.476012009475666,0.02804874272368005,0.48318941022659767,0.0018240281916708004,0.1715982880755608,0.0238450736053719
2592-5341-0043.wav,6.8576411505163,0.031563585420261095,0.4429892410447465,0.00208549045686063,0.15474139394350897,0.03406510982482346
2598-4654-0032.wav,11.158772320476821,0.05159210406601922,0.712003336378515,0.0033171678096157176,0.12394766971982758,0.024797636887122845
263-121285-0026.wav,6.781586504300577,0.030262723265438544,0.43664599017696987,0.0019242567521849526,0.11963467541621912,0.0026632569146079485
2674-155968-0022.wav,7.815000868772551,0.2978460695620396,0.5017726110031662,0.017491296455604058,0.14415367435651696,0.006592599089539978
2674-155968-0055.wav,6.995599485444459,0.07784854758370673,0.45084845783463395,0.004870323312740934,0.1203378139863258,0.009499131428359096
2674-155968-0084.wav,6.0167743899258355,0.13924261660957812,0.3827997956204144,0.008334706465754103,0.1498396204671174,0.012224737822679778
2730-154436-0016.wav,9.40487204927423,0.10711483555400192,0.5967686648271002,0.005906419635235101,0.10181823942641946,0.005733768467555041
2730-154437-0039.wav,7.933128059981643,0.020849622154958076,0.5010025770167735,0.0013835340315238572,0.12311802973977695,0.030786042053903347
2740-162051-0014.wav,9.149116688741469,0.1731177449451027,0.5912496673716409,0.010260298879117603,0.0954952045583239,0.007338596227349944
2740-162051-0042.wav,7.730872838243562,0.249238741452304,0.4945641569007252,0.014838685444334159,0.07237166332730093,0.010046879039555326
2769-176256-0027.wav,11.87770256878731,0.012514606937948071,0.7569169487529811,0.0007629373225087547,0.09874362075821845,0.01663936157873807
2785-154282-0023.wav,8.457529065265891,0.6925964931552757,0.5440581710682562,0.041574385225288106,0.0906909152038505,0.009480840352491506
2911-15045-0016.wav,9.891870309810733,0.09209490887787242,0.6447434523918599,0.0057186260318038565,0.09780945788656885,0.018900231906038376
2960-155151-0022.wav,6.058467144793974,0.03741695104635305,0.4066009962010119,0.002536761056750793,0.20818858363080062,0.09259316436129526
2960-155151-0056.wav,3.6097816440916755,0.01072990496238812,0.24236448143652348,0.0007420704459003451,0.23662246415497254,0.09960877917175107
2988-173558-0001.wav,8.652945920983475,0.09941923137640309,0.5423972454576651,0.006278529245096564,0.14499282002188185,0.01855949552106127
2988-173558-0032.wav,10.098319985123439,0.19426783189413155,0.6355007904082985,0.01225787823655614,0.11957802779937791,0.024184223529030584
2998-160954-0017.wav,9.887605720779876,0.013739240123254936,0.621553375196564,0.0009016047969972581,0.09245931559529764,0.03682065642196098
2998-160954-0046.wav,9.561400633345084,0.023194964520920618,0.6091047952072625,0.0014748109254368413,0.0866856926014021,0.055171135609664496
3003-14274-0018.wav,8.898808219066286,0.06717794226568999,0.5577347634709037,0.004206864008661367,0.12754564606741572,0.030291917689237138
3003-14274-0050.wav,12.892524668237552,0.04292476722838093,0.7951224345294837,0.0027438113274463787,0.09187358383685801,0.038899739583333336
3072-155948-0000.wav,10.569103448072623,0.08128152512872365,0.6790076838720003,0.004572142947488991,0.07337550008164598,0.010307805355976486
3072-155948-0033.wav,10.214332517911998,0.06949948799532304,0.6645504618058243,0.004007394012320294,0.08158175031269543,0.012206725883364604
3109-144137-0010.wav,10.09222752440952,0.05598894382394332,0.6649647740865586,0.003593802456422999,0.1513273058084989,0.04157666338990066
3109-144137-0060.wav,7.342211546676202,0.023128949822858482,0.47890844814836775,0.001466219179376219,0.16487686919279906,0.023539012594367015
3109-144137-0099.wav,7.781336633497042,0.01464330045722218,0.5086053016240714,0.0009260179916277004,0.14961912954029513,0.014579158094494893
313-122804-0045.wav,3.6287712134067176,0.1755400334845974,0.23068583414965912,0.01058050350319841,0.12418364390156919,0.01698536131419401
3157-168062-0031.wav,6.767710325236589,0.01199267449959485,0.4494233136195998,0.0007545648183407526,0.17773662384858951,0.020079406843696027
3171-7574-0021.wav,4.526803995416555,0.03221109196570208,0.28485185351125086,0.00199301732395189,0.12086679574493732,0.009564568014705883
3179-7133-0007.wav,6.644097995181169,0.037297765936576834,0.4256537604041904,0.0024066832133878588,0.0972482424289246,0.03461726958436341
3215-5757-0009.wav,7.395546271253998,0.1422209947397588,0.48289208409459483,0.00845034177051084,0.09545584507912958,0.006785225797477745
3215-5757-0038.wav,7.120682191958367,0.13132608245019842,0.47039221311095636,0.007743429033329637,0.10063585607940446,0.007425267524813896
3221-9174-0032.wav,11.440607689747422,0.04795866631248587,0.7152044797200617,0.0030940112580863477,0.09410684843673668,0.021709075018319493
3224-168198-0007.wav,7.607400102962355,0.07230545751450247,0.5120068672014793,0.004634033098534776,0.1831250815075639,0.016661674328377674
3228-4691-0019.wav,11.06967883451888,0.0780641403175077,0.7036689192039245,0.0048530877832881495,0.12145963885224274,0.017353309490435356
3257-169288-0008.wav,12.042658819426284,0.024253589966748947,0.7835968764062102,0.0014736569049227611,0.09100284754672897,0.010862546546436916
3257-169288-0037.wav,10.62463470779318,0.018099205887491778,0.6891191951359515,0.0010769088230753922,0.09950356235891648,0.008002815791948835
3257-169288-0067.wav,7.113153723697664,0.02855950963883234,0.46533011568812316,0.0016782329938445453,0.08885432260479043,0.007014291729041916
329-861-0017.wav,15.992238702198835,0.09175811769722433,0.9881779926515695,0.005959371385926373,0.0981583305027174,0.017021378226902174
3328-168638-0008.wav,13.374282151778013,0.09754771826340379,0.8360527613584523,0.0062932862002696545,0.09883121701846966,0.02377440117908971
3340-169293-0017.wav,7.64169608733511,0.016298030015219723,0.49602432639696403,0.001030038693868047,0.1476047803963578,0.006963565378950188
3340-169293-0055.wav,7.521246509955174,0.028178209840475858,0.4846471220229526,0.0017949243640633568,0.10615528604734577,0.009235310930774749
336-125876-0027.wav,11.81079639557217,0.06475283903718189,0.767315297563841,0.003842570511805654,0.07629931868203003,0.015216371051268773
3361-1150-0018.wav,5.729399100705125,0.015553754242570418,0.36666763115782963,0.0010075765434641828,0.15653301959693372,0.021346728950296736
3379-132601-0026.wav,11.368506882795032,0.3779216171507285,0.7371881158222614,0.02514583902692788,0.10521458333333333,0.0378765625
3433-135988-0015.wav,7.46187198454687,0.07202206963246345,0.46623823093865724,0.004588669777423742,0.11353666842875731,0.015633259799934938
348-132751-0001.wav,7.887701120787392,0.0896900711958344,0.5115793062699184,0.005812651798601011,0.16886970079062158,0.05051234920256271
348-132751-0034.wav,10.654596464527035,0.09386968017547387,0.695429800618355,0.0060613900870784745,0.14759629152348225,0.06216608945446735
3482-170452-0017.wav,3.5530422642683206,0.03638670021688367,0.23531695376099362,0.0023478917411363393,0.13853009107048922,0.0604353999539716
3526-176651-0011.wav,3.7942069042187905,0.1303144889141572,0.25364985442926885,0.007661243541116302,0.1598184308589138,0.002811508448937426
3551-7884-0023.wav,7.876957850562125,0.07095030131101959,0.517834164542089,0.00413484989164426,0.12495481492192019,0.008037860576923076
3559-165413-0001.wav,11.537805711370812,0.10805125219306429,0.7400660022342566,0.006928524119419667,0.13610228868743615,0.024460446724974463
3559-165413-0036.wav,10.507117838004039,0.049534353376861094,0.6653371836930172,0.003212194493671311,0.1103851657623081,0.01821658698385389
3559-165413-0067.wav,11.60474663801546,0.04769792479460118,0.734404837646158,0.003062457063157009,0.14728541156045752,0.019841345826525053
3559-165413-0098.wav,9.58202172002997,0.056722663301630595,0.6150880692883821,0.0036728969113517663,0.1408521527087475,0.014010177217942345
3559-165413-0126.wav,11.16389142975635,0.09615390503638732,0.7088058205219577,0.006159583494985074,0.1484936242816092,0.02275125310214211
3571-173556-0027.wav,9.420226733601305,0.0843345745809935,0.6177608096691182,0.005258777334736925,0.18336549322289156,0.022394460655120484
365-84333-0026.wav,7.365578084709212,0.03218919290913478,0.48838413806300407,0.002156665090258678,0.12866137000302846,0.05783367561326469
3664-178366-0004.wav,11.876028824417352,0.01149455016610559,0.7771131787158284,0.0007086298028605277,0.09372148722627738,0.011690950045620438
3664-178366-0034.wav,12.603262146508557,0.013802296437393922,0.8248450638958779,0.0008843115235422092,0.11757321013402626,0.01063160301559081
3747-173589-0038.wav,7.1568565154325885,0.21558213451539596,0.4732237548007588,0.0120826700900614,0.11578522955764076,0.03874151725871314
3780-177782-0001.wav,5.0843173284549,0.0984114903722308,0.3315358673035354,0.005847664937293626,0.15270010281655036,0.016082124719591227
3780-177782-0041.wav,8.472813353159117,0.16633825820640002,0.5362529596621259,0.009844178126588755,0.13235569381061038,0.018627107993439817
3780-177784-0023.wav,8.743343552151579,0.07315042041066368,0.5616433847731896,0.004054171594771327,0.10888548758194655,0.01548957151412002
3845-181096-0019.wav,9.016804451872442,0.05224720981939496,0.5681704130090066,0.003315142036439524,0.08787687866568915,0.023779440065982406
3857-182315-0004.wav,11.36933763206629,0.1978417093041616,0.7168145694949183,0.012423384989364624,0.12314161129568106,0.03507903343023256
3857-182315-0034.wav,9.96249769796154,0.03649523549315074,0.6293992462602265,0.0023512901630525725,0.12553950316288878,0.03199799436610438
3914-10089-0018.wav,6.963457229197753,0.12532672333788833,0.4484559599434113,0.007683793279790438,0.07657638790914222,0.023705889355248307
3914-10089-0046.wav,6.122843958822498,0.08566644650215784,0.39835447259466994,0.0052145512152946384,0.07433143028846154,0.031913080159023666
4009-43910-0022.wav,9.216822737848837,0.009584591114914928,0.5826727555138089,0.0006312928388146039,0.14942855937921729,0.02767783717105263
4015-63496-0006.wav,7.562095112798389,0.011331075802528866,0.46815203278050954,0.0007117093988172691,0.07362329938364402,0.020652270933553818
4018-107312-0000.wav,12.991044127044965,0.046641332475940336,0.8190945573813911,0.002994310386669943,0.11409619272237197,0.022810499494609164
4018-107312-0028.wav,11.764543242775774,0.05279892147189321,0.7543711928307592,0.0033704612653046875,0.10602356852725367,0.023970310043238994
4039-184264-0020.wav,15.009542981830096,0.3784595121627184,0.9620746026298764,0.024500130268582002,0.10497229356925418,0.04195453212201928
4054-11077-0005.wav,6.940966678952712,0.028921009793091333,0.5160767869985218,0.001922082383963287,0.13731553819444445,0.023043296579491727
4054-11077-0045.wav,6.634365333369247,0.03110890328757073,0.4850504236241711,0.0020668317026617845,0.14300243105732177,0.01636918202071291
4116-13265-0009.wav,6.511524611670393,0.02602221279425997,0.4394649042226851,0.001665319449017189,0.15090507752679938,0.0350627811542879
4137-11702-0017.wav,10.121603393635782,0.04538758528925053,0.6463058607692591,0.0028953871632777595,0.11412650484677923,0.0218453183630394
4137-11702-0048.wav,8.94038043747922,0.04575453077126755,0.5676716010139216,0.0030152940577052793,0.13920852803738318,0.041692830023364484
4195-186238-0022.wav,8.178292101859071,0.021703982340642292,0.5319052310236366,0.0015074583242221662,0.1270112068422379,0.02983585480720766
4226-12707-0029.wav,11.511800991147425,0.049620520671061964,0.7271192969926186,0.0031420233667333822,0.08385428967879074,0.015002251121870572
4226-12707-0060.wav,11.300376847667978,0.056753623054953385,0.7115860632219292,0.0035346462534726728,0.09552957925451808,0.017497235033885544
4234-187738-0027.wav,9.599917356463584,0.05719117770875184,0.626237438954965,0.0034060267308288756,0.11860673506181318,0.04137311662946429
4234-187750-0033.wav,9.474345012903331,0.025447423956490342,0.6107322144886597,0.0015354900238296813,0.12536488064348728,0.017561401303840166
4289-21393-0002.wav,12.321100639656658,0.028851427249985268,0.7740560413756455,0.0018702851091793456,0.12421611509274874,0.02367409271360315
4289-21393-0034.wav,12.853330140536544,0.07921354737251884,0.8015780025025635,0.004591059974711304,0.08901649446245273,0.00875213144921664
4289-21393-0062.wav,12.118506576647361,0.022743747170071334,0.7680975233346286,0.0014964633772044705,0.13868410751565763,0.016137236593162838
432-122774-0015.wav,11.370683075838706,0.17426917852759183,0.7763311132178771,0.011169732685273982,0.10385602978752018,0.039732277938407744
4331-57179-0015.wav,10.66392182944437,0.02544010361283103,0.674059563207404,0.0016464525870945792,0.10332668255942509,0.012404880977059149
4331-57180-0001.wav,7.778008207040331,0.05198696535614359,0.4976100622702481,0.003307485990733251,0.08887865078256009,0.013969374475964226
4331-57180-0036.wav,7.66952481620542,0.015146055388732373,0.48282096093154603,0.0009692595239551502,0.11775889836022904,0.007203991248047892
4331-88349-0027.wav,11.291993139021722,0.021644340480195517,0.7071677801393735,0.0013836431039015858,0.12111599055383022,0.012404668898809524
4345-7635-0029.wav,14.865594415855185,0.07113076560686633,0.9423050405236912,0.0045347677575199976,0.08601853264185479,0.012888360852654058
4352-10940-0013.wav,9.055834655934587,0.4742069579153521,0.5775710713187556,0.029749681030447346,0.0871486701687624,0.03452998324784911
4358-44937-0018.wav,8.892256111567482,0.04563454207342356,0.5627737265136504,0.00274287730840185,0.09095843672456576,0.003947444944168734
4358-44937-0047.wav,10.59220323288979,0.03671145504401704,0.6691785192453005,0.00223982863057042,0.09343350213219616,0.006062738761549396
4358-44937-0077.wav,10.362252612080482,0.05330853836462507,0.6458091671968021,0.0032607078233867727,0.08998143252769386,0.0038497018189828803
439-123866-0023.wav,7.660712563994948,0.05765371180841528,0.4827791083903614,0.0034834843999802553,0.05331433239456961,0.014878615142980936
448-122800-0006.wav,11.49767321829299,0.04580030382073652,0.7287799712634548,0.002996148963209097,0.10425957282725322,0.010927126642972103
448-122800-0050.wav,10.489408624938285,0.057242877429846066,0.660557333826558,0.0036828803506957315,0.07472716063015312,0.019650300905477033
4492-8904-0017.wav,6.489701041186243,0.05361061555152349,0.41540743035228617,0.0034566025139293154,0.16031718164794007,0.04292747207731407
4492-8904-0056.wav,9.03197835866211,0.06237623495715697,0.5743619130245625,0.004017459730330629,0.1401126398068124,0.03703242167641078
4511-76322-0013.wav,12.441523774000068,0.08725093731497348,0.8258031655341271,0.0047003349551329905,0.09216884655898877,0.0004937675561797753
453-129308-0021.wav,2.674550542215978,0.00538742973192338,0.17231298788448843,0.0003408032863267338,0.09610461746522411,0.0126953125
4549-39615-0024.wav,16.79037887737883,0.1461072870379188,1.05415870458507,0.009157895331744183,0.11976640236318407,0.01742216651119403
4549-39615-0059.wav,17.322177437147655,0.3796152673461669,1.0791776419201442,0.02395325953834637,0.1100549075044937,0.020551111256740563
4640-19188-0026.wav,8.631153679739825,0.056895262984784103,0.5439739319057569,0.0037203697927829077,0.13797691231343284,0.03287371735074627
4659-26488-0018.wav,12.773554476659593,0.00956016018848592,0.8333531454170497,0.0005639884336107343,0.11582010947245322,0.007588662129677755
4706-28495-0012.wav,15.484081072436053,1.4016973208305414,0.9650412790356137,0.08081666213848691,0.07418166534810126,0.004567077894251055
4710-24606-0009.wav,5.601510072748424,0.007605194293886379,0.36558915224751853,0.0004940726127168046,0.10676537958115183,0.06392087287303665
472-130755-0013.wav,3.9801511035457278,0.3481175107171448,0.2555620820818519,0.01961891480702469,0.10967798347214992,0.008997490727485685
4738-291957-0019.wav,12.636666622360698,0.045071658820573485,0.7760390423192766,0.0029303995515719936,0.11529368899132321,0.0356334098766269
4766-1814-0012.wav,8.856654560300157,0.04545359452108667,0.5679158019987217,0.002876765475231084,0.19198833626760564,0.016587257922535213
4766-1814-0046.wav,7.030713501475907,0.10419409581430077,0.45061711733748583,0.006621930692775757,0.16229657129691688,0.02743342095341823
4766-1814-0081.wav,6.365325971561456,0.06135117908011547,0.40632357488918786,0.003734677340724419,0.14460544960171567,0.013526467715992647
4788-91208-0020.wav,9.238860876268838,0.04362175118895014,0.6010166806371067,0.0027588268105375644,0.11132351313459268,0.011986814676800472
4806-26894-0038.wav,8.359590391389645,0.05783587052434676,0.5864159570098179,0.0038080794257638515,0.19402576915991157,0.02719622213522476
4872-20425-0020.wav,7.81122867199294,0.1815845314196059,0.49737009107231855,0.01078870602277926,0.08590699731576379,0.004824666758174719
4955-28244-0007.wav,6.683951599844105,0.004682116526060441,0.44529698642614557,0.00032128739691804467,0.12043953473189416,0.075828445987117
4955-28244-0045.wav,10.173253110167893,0.0016042669259446272,0.6611872939934107,0.00011590613438330751,0.13359173126614987,0.047520490148578814
5013-31101-0018.wav,7.3767313893145765,0.10503765318770128,0.48114051652950474,0.006065621020534867,0.08959418990254467,0.004388979595289659
5019-274728-0014.wav,13.433196072216594,0.13985935439869443,0.8196081123424582,0.008295153801140714,0.1074903160957113,0.01367647179001046
5023-41918-0004.wav,9.551417819857875,0.023238081901014927,0.5896050161008232,0.0014864749469294604,0.12671119712990936,0.032731660687311176
5101-40462-0010.wav,7.096753080502851,0.052698872099740154,0.45397024942775616,0.0033160818417562916,0.13472130773905996,0.015942079450297138
5101-67853-0016.wav,10.541316066623892,0.04002242529118193,0.6545507886949393,0.0025756237847696195,0.10097367391922639,0.02125495502701934
5185-24772-0000.wav,5.319703453969846,0.11087752952405497,0.34095293697838547,0.007101879084716217,0.06293568753983429,0.06525914694869343
5220-69517-0014.wav,9.893503246381915,0.033250791695540745,0.6295607207280732,0.0021377787894665493,0.12272078005584951,0.03163982124485597
5230-4844-0003.wav,5.704035222598621,0.0042689733989982725,0.35512841722647576,0.0002751626127334892,0.1282502099328215,0.04669068398112604
5230-4844-0038.wav,9.823364408195346,0.03688040472487825,0.6139343474490654,0.0023638828687987373,0.14085672669491525,0.026528568591101694
5233-39051-0003.wav,9.356429085018995,0.03486244161370889,0.6066499837386928,0.002292491413742563,0.22594326706054169,0.03327521325677111
5244-54280-0021.wav,10.631110699019427,0.022745423636842226,0.6961440754916282,0.0015201954883614407,0.17661709744236312,0.05040647889649376
525-126965-0017.wav,4.305806953846219,0.2747081182863938,0.2802892284814255,0.016699041499150753,0.08220797377680965,0.010748078292560321
525-126965-0125.wav,4.657793701011109,0.1916422190199031,0.30324013989481585,0.011863146007775278,0.10653848277385158,0.011700921120435807
5304-55856-0018.wav,9.045923993060997,0.056712827577131746,0.5832125598912513,0.0035363976096743003,0.09358193018841394,0.02360392206833521
5339-14133-0005.wav,10.745268093713552,0.0317082467087828,0.6985354474711201,0.001969273737849413,0.1766421993073048,0.00634765625
5339-14133-0041.wav,8.979037506197379,0.019967251593944278,0.5812161079732663,0.0012610241115189466,0.1215932600174216,0.007769626524390244
5379-44344-0023.wav,11.54386701469672,0.014729501878757155,0.7357155017642099,0.0009383476119819398,0.13974758350867963,0.015518662052866913
5379-44344-0056.wav,11.441592045734215,0.005456966667789306,0.7424767454332385,0.0003540823607795416,0.1476054260218768,0.014299865968624065
5389-4861-0032.wav,7.793069649405192,0.06878923095282642,0.4870113103153122,0.004408153552502012,0.1080078125,0.0360052490234375
5389-4861-0066.wav,8.341811157925173,0.07327297037196116,0.5376412050590512,0.00468918506246605,0.1616988226029502,0.03816276601874616
54-121080-0009.wav,3.981029423139967,0.11893143946466847,0.2655279666521815,0.007563076212455341,0.16486052530674847,0.0498831719708589
54-121080-0043.wav,4.425899480489101,0.1015776451118784,0.2956610531495079,0.006568894761905708,0.14141105366126328,0.04797929621995528
5401-39508-0029.wav,11.443686484615368,0.040634341794047436,0.742989456998586,0.0025763476002537557,0.09568179602184088,0.01710964922971919
5480-41791-0000.wav,7.696333173174906,0.024769366633064362,0.48771689162010107,0.001579425265900732,0.1127253320683112,0.03603599012689753
5480-41791-0028.wav,10.857333946419988,0.018382253752404706,0.669864567732159,0.001166291312355838,0.11998928014553015,0.021008613782051284
5487-41940-0017.wav,7.898506874763218,0.05146510727137346,0.5068637222499381,0.003449888258531003,0.15132497627044392,0.01590964058849299
5487-41940-0047.wav,8.690292176668795,0.01808253159267059,0.5492572664589754,0.0011684932000519564,0.13019854323308272,0.028867334351503758
5489-65803-0001.wav,5.3020219212310495,0.03352716901710277,0.3534422771312159,0.0022067366042110457,0.1958063241744066,0.022675095942982455
5489-65803-0029.wav,9.034818392985155,0.050919740575600024,0.5967286024530215,0.003353375149140112,0.1645123045882054,0.02148685736527707
549-126410-0018.wav,11.199388263920477,0.19631349911293072,0.7102258829936556,0.011404011308752383,0.1381345926800472,0.009848062094155844
549-126410-0057.wav,7.890899126857894,0.2211011016345793,0.5006172307314677,0.012846069486055274,0.09377872242647059,0.013438316321594427
549-126410-0088.wav,8.144780585469583,0.31092975970422715,0.5174249088367687,0.018079561300456536,0.09252266465914916,0.01706406570348539
561-126312-0026.wav,7.836288224088347,0.06555954688403827,0.5068694794316038,0.004409269604764829,0.1247541520979021,0.02696394651022055
5622-44586-0008.wav,9.845201805678622,0.06804183048183007,0.6407623129113712,0.004291221032771733,0.2005701126066098,0.015658836120735608
5622-44586-0038.wav,9.751001633864453,0.04284266836670256,0.6395520852908867,0.00286110950127616,0.23262569022087068,0.01917175996318822
5665-38051-0025.wav,10.93265917207126,0.004040753686515392,0.6787793048608304,0.00026454336586531505,0.09083471607669616,0.04022918971238938
5665-38052-0008.wav,6.964124679337622,0.006792270501082812,0.44535659773102926,0.00046772664141661694,0.14716542672180044,0.048886909402114966
5665-38052-0040.wav,6.570253574233325,0.013576338181870056,0.41984140426901334,0.0008955890387194918,0.12255141314338236,0.08221743287158613
5671-24628-0002.wav,6.955260325400664,0.1175854780242056,0.4549575823769228,0.007452396008252666,0.1503438995215311,0.03396475029904306
5671-50453-0004.wav,11.45124850058431,0.053755869036623466,0.7500284020947653,0.003449202998934349,0.16098125156956303,0.039876220335258665
5671-50453-0037.wav,10.858510499570492,0.032193531219255556,0.7023948031946761,0.0020732956724350657,0.11821502389259708,0.04322533468598301
569-126489-0025.wav,7.537553664200064,0.2643258861357056,0.4742773990660344,0.015509899305883606,0.06407256765463917,0.009157035277061855
57-121742-0018.wav,5.613927203406402,0.03405826315728463,0.3560216830535928,0.0022614137371734728,0.11333303740530302,0.03846139618844697
5712-48848-0042.wav,8.902444489300459,0.04931460200773718,0.5798519635806451,0.0031686019803833,0.2071463349858357,0.028635689624645893
5717-94876-0019.wav,11.846793418472863,0.04707015336711962,0.7708447926692928,0.003092541182193836,0.10860410129009763,0.03313979144874477
5720-48302-0007.wav,8.514758896825045,0.4481646472030359,0.5354261620308559,0.029047817914224526,0.09875761981502242,0.014804446643778026
5740-97610-0017.wav,9.264622380778006,0.06449590441666932,0.5909636889496883,0.004115176401657288,0.13347077144641867,0.01971289821626874
5765-231845-0012.wav,6.960360163473227,0.055665330183839574,0.4533494315273102,0.0037039514186901334,0.10885075050454086,0.06439252096997981
581-126957-0008.wav,2.2990953685056907,0.040767788858057104,0.15163773854453258,0.002595135153324587,0.10005527518411363,0.01989957999079432
5826-53496-0025.wav,8.240399372596869,0.7939178873264986,0.5538160336128592,0.047365221515218735,0.06743290643960287,0.003684867105626034
5840-54188-0007.wav,6.396147353133652,0.13848074920804368,0.4306557542798131,0.00904183805873025,0.15155391264059304,0.06119741740158487
5840-54188-0042.wav,4.927825983917523,0.18341795859051913,0.32566307258857286,0.011431810016222907,0.16051853396646132,0.035389528790212184
587-41619-0000.wav,5.110973983491702,0.15244238086963463,0.35031341573130353,0.00967584781385682,0.16927664620535715,0.027436937604631697
5929-48603-0005.wav,9.891817585371031,0.080389351022658,0.6238524928759113,0.005069930305970547,0.09654654520821448,0.012514818347119224
5929-48603-0038.wav,8.90366051442363,0.02728373412986982,0.55924662577878,0.0018349554257497379,0.13455826153418565,0.03567683000972763
5933-104482-0011.wav,7.1582455675146415,0.026927308655208062,0.4664764604940431,0.001714748658011847,0.1275418612461617,0.02403073423106448
5935-55927-0003.wav,9.938707466444196,0.04549245183763706,0.6388137782051058,0.002975082376200275,0.0889284724590723,0.02528071175818554
5935-55927-0033.wav,10.486302001612417,0.026355897788689714,0.6732043661943954,0.0016745974922415133,0.10532716658921933,0.015880939242565055
5968-61356-0030.wav,10.289083238419684,0.19251490961875228,0.6851555630753678,0.011197911749921888,0.10738145854888774,0.016971373027677185
5983-39669-0044.wav,12.638648119902694,0.0496763640340249,0.796220454254628,0.0033256224570443337,0.08653838058997845,0.015079892914870689
6075-57154-0025.wav,10.305655589613535,0.29858042396823936,0.6672854699614228,0.018734072623194122,0.10148553577196383,0.014748743338178294
6076-51653-0000.wav,12.717006246539361,0.08398868278629787,0.7858766998060485,0.005269679712504742,0.08032091406643181,0.017232617482385505
6076-51653-0036.wav,12.445512508828125,0.09078555200077226,0.7674597618233645,0.005790747063633135,0.11780039273323054,0.014749331389745567
6087-50469-0017.wav,12.493383305017012,0.010083589208115997,0.7891530519917205,0.0006790394404598537,0.1376355871110515,0.02587314327387339
612-121766-0007.wav,12.006227262955406,0.21951515099658933,0.7593086034750457,0.013954817424309785,0.07808804293291284,0.016658118011754586
612-121766-0035.wav,9.189428466992169,0.2563521435642027,0.5822997148753406,0.01616147970065969,0.07544090346534653,0.019271477929042904
6159-58440-0023.wav,4.516970030028735,0.1767543743178,0.30340218362344307,0.010266609539648183,0.13700020469432314,0.02358835545169214
6160-44912-0012.wav,6.77057481709031,0.05742276139658872,0.4606203343105383,0.0037085551464299065,0.15548746104002625,0.033467770874343834
6160-44912-0051.wav,8.748663487298572,0.09858896869354303,0.5990007349634869,0.006469085347196985,0.1305487863149847,0.04470535884938838
6160-44912-0082.wav,6.9762180022838125,0.05109326999544552,0.46811892580565284,0.0032974545130187555,0.15431299155492523,0.03552441255157297
6199-80041-0023.wav,10.49008982917659,0.03102942006021595,0.6433268867985553,0.001912336949400091,0.08677223807053942,0.024592862584284232
6248-302581-0011.wav,13.162399800608515,0.10556207228433243,0.8370181926647599,0.0065778125514350345,0.09807662458609272,0.026559589714403975
6248-302581-0046.wav,11.698867029110206,0.08959018461309719,0.7416668543164256,0.005690084869969681,0.09338448981056258,0.031222530675947185
6269-66185-0027.wav,8.160670849742166,0.06367003725687732,0.5264482316541022,0.004118513916060476,0.11205990809785453,0.0271286098574045
6332-64733-0029.wav,7.970471476111494,0.032835554100028856,0.5038781049865468,0.0020179670452471067,0.15668855328564502,0.018867263275945685
636-128310-0032.wav,9.202635740025624,0.14638769625396564,0.572360165760887,0.008365220262871597,0.06670343646179402,0.003977626661129568
636-128331-0027.wav,5.381252307377593,0.8146486998844142,0.3267492093623765,0.04342516628190028,0.054312880418646084,0.0043046457467339665
6364-66741-0029.wav,8.62542051940272,0.028759549111643405,0.5427050782424994,0.0018327485132205255,0.09009691292057363,0.010650617932984004
637-127595-0022.wav,8.880836131974203,0.052780296095857174,0.5839668987750684,0.003153348129648698,0.10675296464797136,0.00788183826819809
6370-92920-0018.wav,11.79500977040572,0.010785260187202413,0.7716717327456519,0.0007102808948427589,0.11203144917144678,0.024610744303696624
6370-92920-0055.wav,11.484265929845225,0.016008971837888863,0.7520656624832984,0.0011648135932657458,0.09736066211685823,0.042055171416028096
6370-92920-0094.wav,12.628972757850885,0.012408160292003291,0.821137140985575,0.0008948338664997914,0.10177331780988857,0.034227971579039
6385-34669-0028.wav,6.448776874529236,0.0472699477700969,0.41530814735847826,0.0030934463476985593,0.15292461951097805,0.04560751543787425
6399-278847-0038.wav,7.712699563503965,0.38975845207998416,0.4901272723467092,0.02132396131546167,0.058319735627637134,0.00611021146492616
6411-58876-0012.wav,9.380541611576822,0.04136223373978614,0.6028304368413323,0.0026226486650205443,0.11137928139691068,0.018514024722968436
6411-58876-0056.wav,8.020950778558616,0.03854625294459429,0.5109458639839726,0.002482172427242729,0.08226468717379959,0.02424841385046973
6436-111963-0012.wav,8.673542699747422,0.019822661013397073,0.5706504199198539,0.0013164945586333994,0.1182074417659805,0.041302880383261104
6488-66121-0009.wav,6.8320279073487935,0.028905383020460255,0.45081894670306094,0.001999272970728107,0.11257801111516035,0.02048717087281341
6509-67147-0008.wav,8.720282695437493,0.13639625590534074,0.5593964280108773,0.008753035255188462,0.11463768975332068,0.01656326593137255
6583-66269-0002.wav,7.004900252577549,0.04303980450717117,0.45445520160577507,0.0028800177484850716,0.1816416813142239,0.058421042624391566
6625-73085-0014.wav,10.18003023325008,0.08756912762518501,0.6806227592620671,0.005718523677689614,0.13609698999707945,0.05709182881863318
6652-70975-0052.wav,9.524631802763059,0.13551335999547373,0.607630773261174,0.008074669366878241,0.08323829581779435,0.008175134023708045
6687-119386-0024.wav,14.053773807087778,0.04124225396404031,0.8805297003168863,0.00239226491069998,0.071607586646964,0.011937571366200966
6724-74002-0019.wav,8.693875096147991,0.056215257863325,0.5939192890310808,0.003723333381104682,0.10620017266371078,0.03567517372953615
6794-73984-0020.wav,11.399848142615848,0.04212378156469625,0.7185318276555712,0.0026952890294954465,0.11182091999728114,0.029279351039967375
6794-73984-0049.wav,11.898690602445528,0.028145885065955268,0.7535871243660546,0.0018090258587364785,0.10635388535236626,0.032851984471450615
6794-73984-0078.wav,10.306342312199822,0.051229995614837306,0.6508048268067521,0.003279478744526986,0.11070600160724722,0.03922744831239042
6848-76049-0017.wav,7.325638152016278,0.09037152456594798,0.4683055448640607,0.0056829518666976124,0.07610110247861097,0.012053445049068948
6912-70845-0016.wav,8.614397183856033,0.03965770788014066,0.5437275080694343,0.0025635639286877205,0.16201524849397592,0.014024314587897043
6912-70845-0062.wav,12.217842883875683,0.026569554941838224,0.7634507032439856,0.0017088945891405472,0.14212977878006872,0.02199782538659794
6912-70845-0101.wav,7.252306792324125,0.029130326706072757,0.45796975576184584,0.0018547929929178136,0.10524821365561045,0.017620164740649258
6918-61317-0024.wav,8.66955535072097,0.030578318713060586,0.5414144598409107,0.00195333168095946,0.09511190283258174,0.013617376867249155
6924-291609-0020.wav,9.034117174042112,0.03586688734105111,0.5770076436512981,0.0023282072056529245,0.17488262910798122,0.030211287982524777
6927-86043-0011.wav,9.78371289718305,0.05326415473008126,0.6278293330518843,0.0034561468015883714,0.16344078453453453,0.02844582864114114
6927-86043-0048.wav,9.402128493342609,0.06830237417996111,0.6047885307767954,0.00451026841883249,0.12916494205298013,0.0212235271799117
6943-85168-0026.wav,10.735364135040431,0.03724280583676014,0.6709511333549479,0.00245639628468385,0.14660031392694065,0.029543802618436074
6947-53262-0014.wav,7.838613633501151,0.020659034273712053,0.48216037657227595,0.0013190734792019709,0.08966240328175026,0.026273908584578443
6956-81870-0023.wav,13.210970685910626,0.047058328335569485,0.835517532095878,0.0030924082513887684,0.0644175243557511,0.01150207711345066
6965-291718-0003.wav,8.74743985606097,0.059164889641692274,0.5486166535977761,0.003858193249775301,0.11078070505707038,0.04858475844166138
6965-291718-0034.wav,8.109687412962405,0.04390645270313911,0.5136147569605224,0.0028231629010816023,0.12551370224814062,0.03587133937626775
6978-92936-0043.wav,10.222468944397598,0.013083046153654933,0.6723513143914415,0.000807854089295852,0.11512779736358063,0.010368567021765787
698-122863-0028.wav,6.453310551983923,0.1030244591597317,0.41729407137190083,0.006858457574515757,0.13605838871847306,0.020859295117586912
7009-83683-0017.wav,16.30018544153943,0.09663996432322496,1.018671546215944,0.006311181741803353,0.10711880387931035,0.03897070964265851
7009-83683-0046.wav,13.171021170910695,0.0831299908982565,0.830222059891573,0.0054227607976806026,0.09546280166553366,0.033579543040448676
7026-86943-0021.wav,18.57064059226596,0.08228326329390086,1.2219447772461436,0.005054006621279845,0.10543256071027512,0.007488441360190904
7069-246893-0022.wav,11.703885907993755,0.09326280050007132,0.7445984052448308,0.005909932480581226,0.10117325113236034,0.017474423597131354
7097-73688-0028.wav,7.468628839162703,0.043495051371580815,0.4733226238105858,0.002726649786165075,0.12244420908961996,0.02140737999858196
7131-75934-0029.wav,9.545353554433673,0.04058530335032642,0.6064908289716356,0.0025238301541337634,0.07110825542625523,0.00901941275496862
7139-88748-0027.wav,12.833592660698022,0.10250056689795092,0.8021044949852819,0.006498733707653053,0.07051223972061149,0.022322972950711648
7140-72210-0027.wav,12.513217413912274,0.1295500834138946,0.8041201860318161,0.008361424482816234,0.13606770833333334,0.01840666523129921
7148-59157-0031.wav,11.171118218488003,1.0163173885874228,0.7247936392646609,0.058551797541653794,0.11689448225037631,0.006105843107124937
7178-34645-0025.wav,8.135089788956162,0.057745338043316,0.5142572395197308,0.0036432846003415596,0.11681826783833596,0.057950422097156395
7188-82904-0025.wav,8.690077343225319,0.03353915005580437,0.5468334474772999,0.00208663014815177,0.09616316829819277,0.02462643542921687
720-173578-0025.wav,23.182287126721832,0.22488818457545398,1.462669582920659,0.014115559791178867,0.09349512211607787,0.021634344583633742
7241-90850-0017.wav,10.164951966791236,0.008472738472173683,0.6579641328569183,0.0005434377588429488,0.130957307115113,0.01750157243114407
7278-246956-0005.wav,9.481019573676601,0.020221699504540586,0.6085244875856977,0.001296925674236544,0.13353832347972974,0.03791285651637214
7314-93276-0000.wav,5.269400863298203,0.05776692655461548,0.3474145500391613,0.003571905988168274,0.0904979674796748,0.015803374830623305
7318-96168-0001.wav,7.780986803711941,0.0329389503158913,0.5030192228603866,0.00196751320649323,0.1428645487723955,0.00646915954711347
7318-96168-0033.wav,8.468921998265298,0.034185159520467634,0.5463683617033324,0.0021517859294871624,0.1034344983125649,0.02183778313213915
7320-104988-0007.wav,15.924131065564238,0.03933574429428966,0.99417352636067,0.0024946381830811665,0.09595510795155344,0.012764222123486045
7320-104988-0048.wav,13.670727585725553,0.06477570903672492,0.849153214984617,0.004056278935679194,0.13693709322358347,0.01138151440467075
7326-96553-0031.wav,7.818243545960214,0.030917855858980582,0.527490727069307,0.0019829602230812104,0.12977483408426693,0.0333339358560643
7338-92154-0021.wav,6.424113436454051,0.059735932217154085,0.41421355217591804,0.0036923117134575567,0.07895792102911134,0.014474371967568948
7367-86737-0023.wav,6.57789828858195,0.030757145753869126,0.44141315644307055,0.0020774852991894974,0.15738354952830189,0.029213590801886794
7367-86737-0058.wav,5.276744521172592,0.03949946648924205,0.3478238488400496,0.002600894375144066,0.198719990611588,0.024364291342542917
7367-86737-0088.wav,5.109812164968096,0.03955960228794149,0.34802107730914245,0.0025942150323068195,0.1727281739335853,0.022170394337203025
7434-75939-0005.wav,9.67047686872793,0.04858937869535426,0.6132805501280206,0.003017652012898746,0.12981950717321997,0.0061660426075983
7460-92002-0006.wav,7.44127539706655,0.03909790224979104,0.4865912301780963,0.0025530369107982934,0.09693029213340122,0.0578682893648167
7460-92002-0042.wav,7.864081262157708,0.014180336079372984,0.5084383941721483,0.0009265546397117095,0.11366015206323687,0.043937462319131836
7491-110524-0010.wav,6.149466626616249,0.2150071005893743,0.3904727097519888,0.01274326826446434,0.1493545673076923,0.022841947115384616
7498-99124-0005.wav,6.810259050196094,0.06833199578355252,0.45612817544594114,0.004467912445016813,0.24415093717001057,0.03765024831705385
7502-100426-0023.wav,7.509549909929181,0.005400016202554984,0.5088497897613476,0.000406516082041433,0.14945879888268157,0.056817933833798885
7525-101265-0009.wav,7.314786257818822,0.12509513582065485,0.4764081336763948,0.007832741200578799,0.10670637376237624,0.02305618135055693
7525-101265-0037.wav,10.751127443708857,0.1008510909332296,0.669908507171777,0.006436729942541046,0.11124736094933023,0.030233624235585323
7538-100044-0001.wav,10.599913764689722,0.19082129989907992,0.6907628608589654,0.011710892656554547,0.09879557291666667,0.009527626277515723
7538-100044-0031.wav,10.955011011870349,0.15301301104609988,0.7040908873187565,0.009460042242273163,0.09839550671892497,0.006344375524916014
7552-87290-0023.wav,12.884207529077706,0.025964068363618163,0.8114103867650945,0.0016283291088231993,0.15381591464107225,0.007861749630849613
7552-87290-0060.wav,11.323660130925903,0.011052078065945865,0.7342738391775638,0.0007171540968279068,0.1478286431760204,0.009385463169642857
7552-87290-0092.wav,10.460131698522078,0.027740195547810133,0.6640388263862689,0.0017853772695681361,0.11750631270336226,0.01979869255016269
7555-101283-0014.wav,8.438479126356244,0.11279224773631133,0.546043444303225,0.0070661486687857225,0.09289583333333333,0.040611979166666666
7555-101283-0061.wav,9.038196396652024,0.135602698991997,0.5849863206513746,0.008395627441589766,0.09675855971041446,0.032885041677736454
7584-101856-0027.wav,9.692736061842577,0.07165526524673327,0.6273436378158262,0.004545987733994954,0.1465229430379747,0.022040644778481014
7640-102465-0018.wav,7.459016413181411,0.04843983900646721,0.5307593358611667,0.0031492345908177327,0.10367854704568023,0.06272838179617676
7672-96509-0014.wav,9.376209787196611,0.024970443801331985,0.5724185519355626,0.0016096806972446366,0.10550043786873156,0.030518298303834807
7672-96509-0043.wav,6.825409149973377,0.03527573754382645,0.41924237166716205,0.0022746057276669903,0.1014369504244997,0.0320725866055185
7679-113325-0034.wav,9.613740708087713,0.06877243016978966,0.5995120628098931,0.004379187843147491,0.11782684411847277,0.01749094171111735
7687-107687-0021.wav,10.724414169894299,0.1140427709263638,0.7014129932036831,0.007319139550142391,0.0926054465973535,0.06866766599716446
7687-107687-0058.wav,8.534011225656286,0.07450492417230971,0.5725958377808567,0.004603165383865212,0.1123948655686937,0.049967997782939186
7687-107687-0104.wav,7.646370892768752,0.11562034867531377,0.5004604858947529,0.0070141084429044985,0.14012207892416226,0.03846599886096414
7687-107687-0143.wav,8.361723708882753,0.11935650861298688,0.5508840824782962,0.00720359153675693,0.12239670370989304,0.039931353400735295
770-134592-0019.wav,7.837771330284821,0.03707253716603531,0.5123967649478256,0.0023877311451221787,0.11745762552615754,0.021102088657546602
7752-110522-0011.wav,8.322399197765826,0.02478200495023138,0.5237435443022664,0.0016511496298476113,0.12927519677161153,0.03314319720517609
7769-99397-0021.wav,10.149928962134034,0.19965814522490974,0.6458081335313319,0.011988487126782108,0.07628938193633178,0.00503397433557243
7786-118693-0013.wav,11.285119310880523,0.03288385606771134,0.7261135188601104,0.002104166683208001,0.08409880277139575,0.03039123079408386
7795-105407-0008.wav,10.111468051068767,0.017909283564845238,0.6470058913106157,0.001151589219047732,0.13845145251599766,0.026451266179464805
7795-105407-0045.wav,8.422128266197515,0.047173673118897155,0.5480770877691624,0.0029275597640520037,0.12488226232394366,0.021364986795774647
7795-105407-0076.wav,8.002864188002889,0.03881152865409969,0.5163115920855536,0.00259126865359436,0.11913413261772854,0.025263482513850414
782-126738-0024.wav,6.633014254396419,0.5819619033836316,0.4046272907978267,0.03464261039903705,0.07301530934343434,0.010308159722222222
782-126738-0093.wav,7.919766016306202,0.34536354596586155,0.4800354990790293,0.02042664956611884,0.08857216781098547,0.007320800518309101
782-126738-0122.wav,8.003072902707851,0.6613269292133248,0.49332691972952575,0.038886045297343554,0.09029796511627906,0.010247368305144468
7832-114468-0014.wav,12.091148486762789,0.02348692117808632,0.812138666224877,0.0015660982784828255,0.0842706969895288,0.022230346040575916
7832-114468-0044.wav,6.825836411685743,0.013463275801712622,0.46759748559241276,0.0009224215030936142,0.08501013317892299,0.03327041564128547
7835-97730-0029.wav,4.912490121683124,0.02511560243060549,0.3471582163135076,0.001638441375474381,0.1438748719262295,0.02152686101040353
7835-97730-0083.wav,6.6431436043795005,0.02426782309501723,0.4537986587883399,0.0015654550650084896,0.13187100124140566,0.02744744915011459
7839-109872-0026.wav,6.933186807898515,0.01251340003743949,0.4341070331010684,0.0008035425311878065,0.10832774528179938,0.038451012312564634
7867-275218-0016.wav,8.658754327841784,0.03478849602030622,0.5453385546086386,0.0022483005767547945,0.12188411964980544,0.037368398386835276
7868-246932-0023.wav,8.419302638866789,0.05476467929551629,0.5317827854379127,0.0034515372065039877,0.10337110200845666,0.021062505505637773
7879-274136-0019.wav,15.00610425820758,0.026635188937931237,0.949421714679113,0.0016490139779007582,0.1222729119559073,0.03127152964245336
7910-105673-0005.wav,9.715040488147338,0.054511518501739485,0.637632722543845,0.0033352646200601336,0.13347511106623586,0.006412076770328487
7910-105673-0033.wav,7.993533440407759,0.025428138857809417,0.52447574695049,0.001667278401214708,0.1363415109034268,0.028775128991433023
7933-113272-0005.wav,8.508760007881843,0.06290045515173705,0.5563362857218188,0.0039151231415558985,0.09988226671656687,0.010019511757734531
7945-112012-0008.wav,11.26938255032739,0.039485446201976075,0.7306995364195988,0.002520642082942741,0.09058822820216049,0.018289950649434155
8005-113330-0007.wav,8.554548170749241,0.04682004481278932,0.5562820690052024,0.0030836446640606853,0.17910549367943054,0.03956636214408444
8008-271817-0009.wav,8.731903254944342,0.05580714846559025,0.5523952342116063,0.0036475365406072754,0.07515447534847702,0.03372190807305111
8008-271817-0039.wav,10.61286087489172,0.05923786820637567,0.6809734624323819,0.0038293030681770418,0.097932352489244,0.026127098378918256
8023-286250-0006.wav,18.605916255485845,0.09102118554532226,1.146367190248345,0.0058786035038978415,0.08332015825518263,0.03490319209649556
8028-233382-0007.wav,11.188736469217464,0.14679542570075546,0.7274885770905376,0.0094594748584552,0.07814186636442141,0.01809929566062176
8028-233382-0044.wav,12.456911860641553,0.09450479608294672,0.8107161923769114,0.005996764095088106,0.09231079528879814,0.012102196069136522
8042-113762-0006.wav,9.850463869938624,0.04909741329398002,0.6304006870363079,0.0030379913367504655,0.10060720460565038,0.019637585528251914
8042-113762-0046.wav,10.398947684547542,0.024408178469994518,0.666086131342666,0.001538720549131517,0.12651702053429026,0.017702207103934078
8051-295385-0028.wav,10.645844272865158,0.008921942237351554,0.6674047164954662,0.0005811697148686941,0.14255376802416211,0.03705228833787997
807-124223-0024.wav,15.277693389296706,0.2538678802551852,0.9642153463021454,0.01568787135058452,0.10333625637755102,0.015948527848639454
807-124223-0068.wav,13.445007839783827,0.17652860241453716,0.8426422702790513,0.011134416425537825,0.0864134363232921,0.02579564365922539
807-124223-0109.wav,10.825946917344691,0.08154748682682351,0.6832001893979847,0.005179349960727228,0.10797264777657267,0.022912677094631236
8095-274346-0014.wav,8.361417175414033,0.031135405666065114,0.5235809512988521,0.0018764890448431458,0.13685855554571227,0.057568740033664065
8095-274346-0047.wav,9.842213414828722,0.02751261912257235,0.6168537262474504,0.0017938281668731957,0.1321242967892426,0.033518819463501645
8113-301693-0026.wav,18.402437716089803,0.03716942663558662,1.1323101718996638,0.0023621536805871627,0.11019803671690308,0.03504947454934988
8123-275216-0018.wav,8.10305349376011,0.004394472983026588,0.5061334853849108,0.00029800671102913706,0.10090723764181524,0.03175067953133441
8138-287657-0000.wav,10.933942382439815,0.04562469802165479,0.7259149282825038,0.0029223862863417553,0.09607115014596602,0.03271847216693206
8142-276732-0024.wav,9.512882065449606,0.016234534349516955,0.6424497595467396,0.0010914713784682304,0.07651741647684131,0.015232743688306757
8148-3956-0029.wav,10.338195413972281,0.030469412635487404,0.6604088642743012,0.001998944790736932,0.12441003762201736,0.06027731409300434
8148-3956-0058.wav,9.767133826206752,0.031531492673710255,0.6257458844241675,0.002065293729617718,0.13577569699754902,0.0660561954273897
8148-3956-0088.wav,7.6862166648613846,0.015014446972686859,0.4875246902908761,0.0010620260671058374,0.13617702503109452,0.04920891149720149
8152-258974-0027.wav,9.313093528446851,0.014820668979995536,0.6288109306150567,0.0010423864677975014,0.08033643165185572,0.04202587967198118
8163-274549-0007.wav,8.390268545649231,0.01731800259048076,0.5435525217816617,0.001267901530542037,0.15492683531746032,0.015955481150793652
8163-274549-0036.wav,9.738943045062353,0.03374770806572169,0.6379161086632562,0.0021234658931381695,0.11503464639003083,0.010924352036228161
8163-274549-0067.wav,9.650785340560455,0.03884159195484191,0.6339301906053477,0.0023594773594522826,0.13768844910893574,0.011349597609186747
8176-115047-0021.wav,11.857854134538508,0.03279177816422346,0.755684706698735,0.00208442926746705,0.09108701648494288,0.02468025944314642
8180-274723-0007.wav,15.280195800758639,0.03400370963492823,0.9881618304574192,0.002190403214282936,0.10235518620838117,0.046841924691446615
8180-274723-0035.wav,14.679838002509111,0.03193504062765549,0.952517098992531,0.0020641573981968284,0.08500484879670678,0.06195265496358455
8180-274725-0021.wav,13.180127050000005,0.022231104182407653,0.86430922079272,0.0014363040300415593,0.10341684338988476,0.0441772617237516
8183-118119-0014.wav,6.1951770933175965,0.06770937532146255,0.4198479952319912,0.004268952857431686,0.17713489147811118,0.01712130702779144
8250-279777-0005.wav,9.869656948161042,0.10654392042846847,0.6383535992793471,0.0068465129185945155,0.11647673336877279,0.029236952270656136
8250-279777-0048.wav,15.62726936638473,0.23221499385409963,1.0084999329530122,0.014918366532692889,0.12977630914598962,0.02859530528707444
8250-279777-0083.wav,3.5245992058456146,0.04545692584563075,0.23045879424335733,0.002927691271583961,0.12175874968095968,0.025549646662838182
829-123190-0030.wav,2.711688729917737,0.05370400957364742,0.18019828512199917,0.003361918064681765,0.17282463643241425,0.02054721650134499
830-130728-0024.wav,3.563012556909765,0.19286361151985817,0.2268267466545808,0.011913396252977434,0.11622945515219561,0.036527043569111774
8324-286681-0010.wav,7.0694451389558655,0.024883895698064224,0.44946582616492564,0.0015829009679730294,0.1267350314400221,0.013451082262299612
834-130871-0022.wav,6.7801836780536675,0.19154260720742267,0.4429828880022038,0.011723743388645538,0.14896378427181603,0.010490561431308961
834-130871-0052.wav,8.124615286082198,0.1927175574409467,0.5292906576650288,0.011830047595939136,0.166929875457636,0.012433295469403766
8346-244445-0024.wav,11.172831985685985,0.015116595096617304,0.7024482826816228,0.0009516419543758877,0.08357939632545931,0.05382679215879265
8346-244446-0009.wav,19.68651117780351,0.06300925257837373,1.2171824779372402,0.0036665418339244167,0.07034933263251784,0.018754778287461773
8346-244446-0038.wav,14.59429373876216,0.047760020532197925,0.9219965005823688,0.0029413969675144438,0.10341839769399708,0.03869408476695949
8346-244446-0069.wav,11.10137697751449,0.013559059396430505,0.7057567957743758,0.0008938109434700021,0.08402716818820224,0.04885171611657303
8382-285245-0020.wav,13.22769361059566,0.04105225113440556,0.8145138355151588,0.002540609774645895,0.14061805432076813,0.015538179009601708
8421-283462-0008.wav,7.119470787816347,0.019909476120334273,0.44150182435868335,0.0012838435133771095,0.1235611943375481,0.025841057071192962
8421-283462-0037.wav,10.167360291601033,0.04213243020384891,0.6389373005188249,0.0025945571861440086,0.10501506726158764,0.011779622569259457
8421-283462-0066.wav,8.979359549347565,0.05030448592189814,0.5644651848544703,0.0032511981181709893,0.12122689486160942,0.025457197430804716
8425-292520-0012.wav,9.339565593199133,0.060175135222206695,0.5905207756977466,0.0037778983579618433,0.10224814427493438,0.018716807127624673
8465-246947-0003.wav,9.749159899205408,0.03671503615482601,0.6326893636102516,0.0023555611258243973,0.09273015802556818,0.018979159268465908
8499-256253-0006.wav,13.429331892831568,0.42507406131406433,0.8740792612790657,0.023819882247079056,0.06507999892918333,0.005365237721302113
8499-256253-0041.wav,15.796735967696064,0.3669628584483707,1.0323490007045584,0.019489528582684688,0.06362893766756032,0.00740826072386059
8575-290349-0023.wav,8.216249983072487,0.026145012945099043,0.5467889448498238,0.0016860651579574668,0.16628467793367346,0.019111228475765307
8591-284445-0020.wav,10.804509498925926,0.09455017153154721,0.6962668971693508,0.006027298902491642,0.09273890711325967,0.01843113345994475
8625-268295-0010.wav,9.350956681683941,0.03539336508385444,0.5894465677382582,0.0021855239239262424,0.08116423031026253,0.020760110568317423
8625-268295-0045.wav,9.560390996697127,0.029518299839675997,0.6040846220656373,0.0018826986932239688,0.0799170535226652,0.027949101413162206
8630-305213-0027.wav,10.562938525776215,0.011868687629993416,0.6696279838711303,0.0007437709628606046,0.10879564342659447,0.027820279595367026
8631-283727-0001.wav,13.130442393752142,0.008491295299069609,0.8255915142432899,0.0005445947801708228,0.10528016233158682,0.03302696365082335
8675-295195-0003.wav,8.823446577190566,0.02782136373231403,0.5712591269485403,0.0017165102484550865,0.05838249084089323,0.013836111959176552
8675-295195-0033.wav,13.195974405344108,0.021740041430605594,0.8449955003976785,0.001352872917570904,0.07474999031908303,0.010453575162639405
8677-291953-0001.wav,6.795831360919549,0.011906860260801936,0.44350361708487385,0.0007570812619526177,0.20653867616758242,0.024352356627747252
8677-291953-0035.wav,4.440885282502338,0.017855678421834872,0.30047363990748255,0.0011459723762132742,0.16836617459483794,0.03733036183223289
8710-286293-0027.wav,7.106555625286637,0.01828294188929151,0.4592439595690952,0.0011774416853169932,0.16335092759986225,0.030318499268250688
8710-286293-0060.wav,5.274553736198142,0.02385840194529162,0.34120952436724783,0.0015481787909087587,0.14108843446255004,0.044303776265008574
8710-286293-0093.wav,6.228245724278972,0.024404692625425255,0.4030388930201006,0.0015872620120555197,0.17328593584129512,0.03863693852839703
8725-294554-0027.wav,11.84180254035111,0.05009232400301351,0.7503907432266248,0.003292634966419202,0.10775699311261479,0.02048421263291445
8765-295000-0002.wav,11.655334314596882,0.07991093922734546,0.7623781622483213,0.004909529639899196,0.09929038323782235,0.010636976181948424
8765-295000-0038.wav,8.320487226080635,0.11791029001930341,0.5431351060971157,0.007622008233015489,0.08656645404616241,0.01968821694243604
8765-295009-0029.wav,9.544134940567478,0.028338717228796315,0.6372452048794006,0.0017629593631569563,0.08792420618413754,0.016838797316971715
8776-270778-0017.wav,5.270288549443388,0.02410123865921748,0.3529420598430735,0.001586808916637289,0.29004986895748397,0.05531256825131042
8776-270778-0050.wav,5.6873406405617555,0.03729602937545509,0.3851617886069689,0.002459224339130509,0.2671866489651416,0.03286962571486928
8776-270778-0084.wav,6.765080335420265,0.05097093306673438,0.4588424421316385,0.0034356188270935526,0.22828147514409222,0.02107067273054755
8820-294114-0015.wav,11.562857669004702,0.012731834551662397,0.7609440596630547,0.00078197711722371,0.0966141722573007,0.005360688387924231
8846-305217-0004.wav,7.613519427049834,0.04839665292591617,0.4970089595184848,0.0028962325737057755,0.19492047131673512,0.02766709846637577
8846-305217-0035.wav,5.545601304201826,0.028845674502926837,0.3589790848823538,0.0016888151213176898,0.13297004744958482,0.050433139642645314
92-6488-0026.wav,12.248783986242604,0.04734701585206514,0.7700493968852529,0.002905428905197554,0.09523051190163072,0.014833373060231457
92-6488-0068.wav,7.386136857503191,0.04417618747190093,0.46922848345142265,0.002721555973628326,0.11443462417565947,0.017609154863609113
920-681-0030.wav,3.8313031822136345,0.11797968707894244,0.25858271907094654,0.007202900332811899,0.14946978878116343,0.03421972385734072
969-134363-0006.wav,9.840027477477012,0.06422860258677915,0.6413975909728693,0.004161141413943871,0.07456353948402304,0.027328914844159245
969-134363-0034.wav,9.33890577589474,0.0511467930470882,0.6096154987516164,0.0033078920941406464,0.07842139259549974,0.02091969600340136
986-129388-0050.wav,3.0605766645208585,0.04946035828542736,0.20649044195171593,0.003058860677947278,0.17662755397070162,0.015131824643407864
986-129388-0112.wav,2.2965069857561873,0.0813217330945196,0.15545413059474136,0.00497973136877976,0.15557486352701702,0.02292355778127313
